#,Venue,City,Type,Level,Link,Google Maps,,
1,8 1/2 Otto e Mezzo Bombana ‚≠êÔ∏è - Galaxy Macau,Macau,Restaurant,Awesome,https://www.instagram.com/reel/DKJ8YHUJj4A/?utm_source=ig_web_copy_link&igsh=MzRlODBiNWFlZA==,https://maps.app.goo.gl/hXMVU9BGb5PfZNSPA,,
2,"Amber ‚≠êÔ∏è‚≠êÔ∏è‚≠êÔ∏èüçÄ - The Landmark, Mandarin Oriental",Hong Kong,Restaurant,Awesome,https://www.instagram.com/reel/DJLIu6ThMVA/?utm_source=ig_web_copy_link,https://maps.app.goo.gl/muYs9r56hsuCtnWf7,,
3,ƒÇnƒÉn Saigon ‚≠êÔ∏è,Saigon,Restaurant,Awesome,https://www.instagram.com/reel/C-5CvWLyQ8b/?igsh=MXJ0bXJwM2xucmhleQ==,https://www.google.com/maps/reviews/data=!4m8!14m7!1m6!2m5!1sChZDSUhNMG9nS0VJQ0FnSUM3NTR1V2RREAE!2m1!1s0x0:0xef37ef32f9a503e7!3m1!1s2@1:CIHM0ogKEICAgIC754uWdQ%7CCgsIz5OJtgYQqLaLDA%7C?hl=en-US&g_st=ic,,
4,BORN ‚≠êÔ∏è,Singapore,Restaurant,Awesome,https://www.instagram.com/reel/C_DbFfqyNEI/?igsh=MTF3bjg5bTQ5OXc1cQ==,https://maps.app.goo.gl/e3RAotyKJzxDFEQ68?g_st=ic,,
5,Buona Terra ‚≠êÔ∏è,Singapore,Restaurant,Awesome,https://www.instagram.com/reel/C0Ooa0srdSI/?igshid=ZWI2YzEzYmMxYg==,https://maps.app.goo.gl/Na1RwSzYY6TqpmrEA?g_st=ic,,
6,Chuan Ya ‚≠êÔ∏è,Taipei,Restaurant,Awesome,https://www.instagram.com/reel/DNGVwwmJfAt/?igsh=MThhYTM1Y2hxZ2xpZw==,https://maps.app.goo.gl/rMUgRPaCBeLMt92j7?g_st=ic,,
7,Circum- ‚≠êÔ∏è,Taipei,Restaurant,Awesome,https://www.instagram.com/reel/DCB9sWdSKHu/?igsh=MWwxcTZ1eHRveWRrdQ==,https://maps.app.goo.gl/Qk8vcndKxe2mmBpd6?g_st=ic,,
8,de nuit ‚≠êÔ∏è,Taipei,Restaurant,Awesome,https://www.instagram.com/reel/DCR5QGsycIF/?igsh=NzlicGEwZWRnc2Rw,https://maps.app.goo.gl/i2gzGHpyRiTyqqAE8?g_st=ic,,
9,FRASSI ‚≠êÔ∏è,Taipei,Restaurant,Awesome,https://www.instagram.com/reel/DB9MzaSSNwt/?igsh=MWs0NjJsOGM1cndpcg==,https://maps.app.goo.gl/8MACUTqUvNyeAuuaA,,
10,GAA ‚≠êÔ∏è‚≠êÔ∏è,Bangkok,Restaurant,Awesome,https://www.instagram.com/p/DECBQgLp6hQ/,https://maps.app.goo.gl/puSmFDk3rmMiF56o7?g_st=ic,,
11,H√©ritage by Kei Kobayashi ‚≠êÔ∏è - The Ritz-Carlton Tokyo,Tokyo,Restaurant,Awesome,https://www.instagram.com/reel/DH8uL8NSbWb/?igsh=enZudHkyeHVlM2V1,https://maps.app.goo.gl/pKmYk3bECWfni3Ne6,,
12,Hokklo ‚≠êÔ∏è - Waldorf Astoria Xiamen,Xiamen,Restaurant,Awesome,https://www.instagram.com/reel/DJxejNozdPK/?utm_source=ig_web_copy_link&igsh=MzRlODBiNWFlZA==,https://maps.app.goo.gl/w5YHWhu7GDPvDh3t9,,
13,INDDEE ‚≠êÔ∏è,Bangkok,Restaurant,Awesome,https://www.instagram.com/reel/DArn_CShI9i/?igsh=NmJkMDd1MnNubnQ3,https://maps.app.goo.gl/AcUmuTiP67C3kN5o6?g_st=ic,,
14,La Baie ‚≠êÔ∏è - The Ritz-Carlton Osaka,Osaka,Restaurant,Awesome,https://www.instagram.com/reel/DHL-WsOSZKY/?utm_source=ig_web_copy_link&igsh=MzRlODBiNWFlZA==,https://maps.app.goo.gl/WaPWDvz88bNt3MZg7,,
15,Lai Heen ‚≠êÔ∏è - The Ritz-Carlton Macau,Macau,Restaurant,Awesome,https://www.instagram.com/reel/DJ_uOsFJMGi/?utm_source=ig_web_copy_link&igsh=MzRlODBiNWFlZA==,https://maps.app.goo.gl/E68MFSF3wVGEG4rM7,,
16,Maison Dunand ‚≠êÔ∏è,Bangkok,Restaurant,Awesome,https://www.instagram.com/reel/DAd8WPVyL-l/?igsh=MTV4cmZyeTNla2Zmdg==,https://maps.app.goo.gl/bADnBggqaFmUDTaH7,,
17,MUME ‚≠êÔ∏è,Taipei,Restaurant,Awesome,https://www.instagram.com/reel/DCKLZKoSaq7/?utm_source=ig_web_copy_link&igsh=MzRlODBiNWFlZA==,https://maps.app.goo.gl/hiaW41cT9nf6QzMj6?g_st=ic,,
18,Nawa ‚≠êÔ∏è,Bangkok,Restaurant,Awesome,https://www.instagram.com/reel/DAjLDCfy-5T/?igsh=bHFkZzh4cnFpbGVo,https://maps.app.goo.gl/H4TYiAeu288ZfCex5,,
19,Odette ‚≠êÔ∏è‚≠êÔ∏è‚≠êÔ∏è,Singapore,Restaurant,Awesome,https://www.instagram.com/reel/DLLKgCezd91/?igsh=MTZsbGJkbmg1M2p0cQ==,https://maps.app.goo.gl/xtEn9hzHwH3o4WqX6,,
20,POTONG ‚≠êÔ∏è,Bangkok,Restaurant,Awesome,https://www.instagram.com/reel/DAT1VF-h8YR/,https://maps.app.goo.gl/ewZEPEeAum7PWCQV8?g_st=ic,,
21,"Shang Palace ‚≠êÔ∏è - Kowloon, Shangri-La Hong Kong",Hong Kong,Restaurant,Awesome,https://www.instagram.com/reel/DI-O0jcy6I2/?utm_source=ig_web_copy_link,https://maps.app.goo.gl/jepj4CTYf2Kpprnd8,,
22,Shang Palace ‚≠êÔ∏è - Shangri-La Singapore,Singapore,Restaurant,Awesome,https://www.instagram.com/p/DDqCZiczjOd/,https://maps.app.goo.gl/nPUWGmUjBjYHtpTz8,,
23,Shanghai Tavern ‚≠êÔ∏è - The Shanghai EDITION,Shanghai,Restaurant,Awesome,https://www.instagram.com/p/C2EYfF2rmH2/?img_index=1,https://maps.app.goo.gl/XBTWVhnhS43oZJ5A6?g_st=ic,,
24,T+T ‚≠êÔ∏è,Taipei,Restaurant,Awesome,https://www.instagram.com/reel/DNawIx0J4W3/?igsh=N2ljODJyOWJ3cHVp,https://maps.app.goo.gl/Ncnxwp2q9LiF3oHY6?g_st=ic,,
25,Tanimoto ‚≠êÔ∏è,Tokyo,Restaurant,Awesome,https://www.instagram.com/reel/DH3eottpp9g/?utm_source=ig_web_copy_link&igsh=MzRlODBiNWFlZA==,https://maps.app.goo.gl/mGWFxyPynwcYDqpo7,,
26,Ya Ge ‚≠êÔ∏è - Mandarin Oriental Taipei,Taipei,Restaurant,Awesome,https://www.instagram.com/reel/DB1a9g-yENV/?igsh=MTVzdXhxanV5c2h4Zw==,https://maps.app.goo.gl/cU8emKCQD2mpuxRLA,,
27,85TD,Taipei,Restaurant,Fine,https://www.instagram.com/reel/DNODEk8JEsG/?igsh=MTR1MGgyaTB6dnNqZQ==,https://maps.app.goo.gl/KRZy1TnwvBRrHDq67?g_st=ic,,
28,AMUZ Gourmet,Jakarta,Restaurant,Fine,https://www.instagram.com/reel/DEmavaVpQ1V/?igsh=MWJ1aHpqaDN2anh4OA==,https://maps.app.goo.gl/ftdGD47oa3LXsQb19?g_st=ic,,
29,ANTE,Jakarta,Restaurant,Fine,https://www.instagram.com/reel/C880jO4yyjV/?igsh=cHRjanVrNzBiamM2,https://maps.app.goo.gl/9JiLtWMumPJHoCk16?g_st=ic ,,
30,FirePlay,Taipei,Restaurant,Fine,https://www.instagram.com/reel/DCMIGFqSadt/?igsh=ajY1bnNnNGF1OGhs,https://maps.app.goo.gl/MTFyy7PwSyBBE77i6?g_st=ic,,
31,GALA Bangkok,Bangkok,Restaurant,Fine,https://www.instagram.com/reel/DLt5kS1pT4U/?igsh=MXFuZG9vOXBwODZ1OA==,https://maps.app.goo.gl/r8JAbrvTpGicuzY28?g_st=ic,,
32,Lahnyai by Nusara,Bangkok,Restaurant,Fine,https://www.instagram.com/reel/DAn_3LNyIoM/?igsh=dzcwcm0zZmh6M2hn,https://maps.app.goo.gl/ReKXnT9GR3KV2LSj7?g_st=ic,,
33,Lapo Porsea,Jakarta,Restaurant,Fine,https://www.instagram.com/reel/DC_6fTtywxw/?igsh=MTd5amFzam00cWszaQ==,https://maps.app.goo.gl/e8RuoUFGUVz6hduE9?g_st=ic,,
34,Syrco BAS√à,Bali,Restaurant,Fine,https://www.instagram.com/reel/DEiFAndyY19/?igsh=NzJtYmMxbHlvb3hx,https://maps.app.goo.gl/zcgzMjRU2VbCkMxr7?g_st=ic,,
35,The Long Table at John Hardy Boutique & Gallery,Bali,Restaurant,Fine,https://www.instagram.com/reel/DH-lwCcJXXH/?igsh=MXltcmk1ZHlseDNj,https://maps.app.goo.gl/NebJZHVLh7zXzGzK8,,
36,1945 - Fairmont Jakarta,Jakarta,Stay,Fine,https://www.instagram.com/reel/C-LOGQzSVNQ/?igsh=aDJvZXI4MGtyZm51,https://maps.app.goo.gl/RrW698tMKyFiXbXb9?g_st=ic,,
37,Allegro - Grand Hyatt Xi'an,Xi'an,Stay,Fine,https://www.instagram.com/reel/DF_j8OkBtIy/?igsh=MTBvdG80MTl1anc0dQ==,https://maps.app.goo.gl/kh9KMLgPz1uX4UEW7?g_st=ic,,
38,Andaz Bar - Andaz Macau,Macau,Stay,Fine,https://www.instagram.com/reel/DJ-Vu7CzN_5/?utm_source=ig_web_copy_link,https://maps.app.goo.gl/baNYsxT7tSxFbrF47,,
39,Andaz Kitchen - Andaz Macau,Macau,Stay,Fine,https://www.instagram.com/reel/DJ-UmrdTfct/?utm_source=ig_web_copy_link&igsh=MzRlODBiNWFlZA==,https://maps.app.goo.gl/Lw6QxLJJWjzoV6YPA,,
40,Ap√©ritif Restaurant - Viceroy Bali,Bali,Stay,Fine,https://www.instagram.com/reel/DEfhYd0S3le/?igsh=eXU5OXZ2M2sydWc0,https://maps.app.goo.gl/dR7xKGwWKXrvSB5D6?g_st=ic,,
41,Artesian Bar - The Langham Jakarta,Jakarta,Stay,Fine,https://www.instagram.com/p/C6_paFbSQyj/?img_index=1,https://maps.app.goo.gl/VixaA7CdAhLEK37J7?g_st=ic,,
42,Asia Restaurant - The Ritz-Carlton Jakarta,Jakarta,Stay,Fine,https://www.instagram.com/reel/C9BtEBcSNZj/,https://maps.app.goo.gl/kYQYAd1WsSFy5GC88?g_st=ic,,
43,Astor Grill - The St. Regis Singapore,Singapore,Stay,Fine,https://www.instagram.com/reel/C-rdC7byi-b/?igsh=MXJvbmVtcmtnaG4yZA==,https://maps.app.goo.gl/qCg3pqFWZALm3v6B9?g_st=ic,,
44,Bar Trigona - Four Seasons Kuala Lumpur,Kuala Lumpur,Stay,Fine,https://www.instagram.com/reel/DIRhonXzEDJ/?utm_source=ig_web_copy_link&igsh=MzRlODBiNWFlZA==,https://maps.app.goo.gl/APcd4NvLqPY9QHfN9,,
45,Bel √âtage - The St. Regis Jakarta,Jakarta,Stay,Fine,https://www.instagram.com/reel/DC6WZzLp9vi/?igsh=czJzZW9keGxlandv,https://maps.app.goo.gl/Wey2FWBJ7BKXpY2u6?g_st=ic,,
46,Bella Cucina - InterContinental Bali Resort,Bali,Stay,Fine,https://www.instagram.com/reel/DEc2vf5y3fn/?igsh=MWxpMm5tZ2hlZjEzbQ==,https://maps.app.goo.gl/Px4ZR5D4oYEGgpYn7,,
47,Blind Tiger - W Macau,Macau,Stay,Fine,https://www.instagram.com/reel/DKUg92yJsF9/?utm_source=ig_web_copy_link&igsh=MzRlODBiNWFlZA==,https://maps.app.goo.gl/1psHumoU9kWYBZ9F7,,
48,Blossom Palace - Galaxy Macau,Macau,Stay,Fine,https://www.instagram.com/reel/DKPIzjBpZx0/?utm_source=ig_web_copy_link&igsh=MzRlODBiNWFlZA==,https://maps.app.goo.gl/J3N9XuL1sr2gjxQt7,,
49,Brasserie One - Waldorf Astoria Xiamen,Xiamen,Stay,Fine,https://www.instagram.com/reel/DJzLndbpkGb/?utm_source=ig_web_copy_link&igsh=MzRlODBiNWFlZA==,https://maps.app.goo.gl/w5YHWhu7GDPvDh3t9,,
50,"Cale≈ç - The Ritz-Carlton, Bangkok",Bangkok,Stay,Fine,https://www.instagram.com/reel/DLNV4I2pImo/?utm_source=ig_web_copy_link&igsh=MzRlODBiNWFlZA==,https://maps.app.goo.gl/pqRMviYENijJpxzP9,,
51,CasCades - Viceroy Bali,Bali,Stay,Fine,https://www.instagram.com/reel/DKyG33zphUR/?utm_source=ig_web_copy_link&igsh=MzRlODBiNWFlZA==,https://maps.app.goo.gl/omc4C1gSuiDyUbsq8,,
52,C√â LA VI - Marina Bay Sands,Singapore,Stay,Fine,https://www.instagram.com/p/DDsENZzzea0/,https://maps.app.goo.gl/cCE6cheZUzHSTf8w9,,
53,Celadon - The Sukhothai Bangkok,Bangkok,Stay,Fine,https://www.instagram.com/reel/DACZ5XyhXGu/,https://maps.app.goo.gl/dbVs4dJvhjJBnZxd8?g_st=ic,,
54,Celestial Court - The St. Regis Beijing,Beijing,Stay,Fine,https://www.instagram.com/reel/DGoyJBZTLZd/?utm_source=ig_web_copy_link&igsh=MzRlODBiNWFlZA==,https://maps.app.goo.gl/j46bfiWe2gD6HzWe6,,
55,Cha Bei - Galaxy Macau,Macau,Stay,Fine,https://www.instagram.com/reel/DKMY543J6Qy/?utm_source=ig_web_copy_link&igsh=MzRlODBiNWFlZA==,https://maps.app.goo.gl/dHY2qwfSRzNrRjidA,,
56,CJ's Bar - Hotel Mulia Jakarta,Jakarta,Stay,Fine,https://www.instagram.com/reel/C_8X3vxS-4b/?igsh=NWJsaDk1N2Fzd3Jv,https://maps.app.goo.gl/WV6yJfwnctvLF6ZeA?g_st=ic,,
57,Cloud Lounge - Vinpearl Landmark 81 Hotel,Saigon,Stay,Fine,https://www.instagram.com/reel/C_ecW0pStMp/?igsh=MXIxNjRiM2U0N25sZg==,https://maps.app.goo.gl/6Ehg5wi8ZXq5ab267?g_st=ic,,
58,"Club Horizon - Kowloon, Shangri-La Hong Kong",Hong Kong,Stay,Fine,https://www.instagram.com/p/DJA1pyLJqtf/?utm_source=ig_web_copy_link&igsh=MzRlODBiNWFlZA==,https://maps.app.goo.gl/wfZ7rr4Sa9dwF5XM6,,
59,Club Lounge - Vinpearl Landmark 81 Hotel,Saigon,Stay,Fine,https://www.instagram.com/p/C_c5SVbyJLp/?igsh=YXZzcTNnbGtkeXhk,https://maps.app.goo.gl/yR5SPoeMLZQgAChU9?g_st=ic,,
60,Damai - InterContinental Bandung ,Bandung,Stay,Fine,https://www.instagram.com/reel/DBosV_mSO49/?igsh=NHAwY2JxbTkwMWxz,https://maps.app.goo.gl/7KvZZcYSjDh8mwGV9?g_st=ic,,
61,DIVA - W Macau,Macau,Stay,Fine,https://www.instagram.com/reel/DKUcQPAps3k/?utm_source=ig_web_copy_link&igsh=MzRlODBiNWFlZA== ,https://maps.app.goo.gl/ChzFGx1BcHu58jrv6,,
62,"Duet by David Tautain - The Ritz-Carlton, Bangkok",Bangkok,Stay,Fine,https://www.instagram.com/reel/DLSUu8eJNge/?utm_source=ig_web_copy_link,https://maps.app.goo.gl/FQzi3CvgiW7HxQkM6,,
63,Edogin - Hotel Mulia Jakarta,Jakarta,Stay,Fine,https://www.instagram.com/reel/C_8X3vxS-4b/?igsh=NWJsaDk1N2Fzd3Jv,https://maps.app.goo.gl/5UV1xh2TFNpW3xfn6?g_st=ic,,
64,Embassy Room La Marina - Park Hyatt Bangkok,Bangkok,Stay,Fine,https://www.instagram.com/reel/DLr2a1EJIP6/?utm_source=ig_web_copy_link&igsh=MzRlODBiNWFlZA==,https://maps.app.goo.gl/nR3Dz2bGJwmJczP78,,
65,EMBU - Mandarin Oriental Singapore,Singapore,Stay,Fine,https://www.instagram.com/reel/DK4Zh-wJ0TM/?utm_source=ig_web_copy_link&igsh=MzRlODBiNWFlZA==,https://maps.app.goo.gl/xcKhzxXcG8aFBaaC6,,
66,Erawan Tea Room - Grand Hyatt Erawan,Bangkok,Stay,Fine,https://www.instagram.com/reel/DBNQLQLScRx/?igsh=MWtrcXpnbms2aGIzeg==,https://maps.app.goo.gl/Ga9gbLPoJyJPVcx29,,
67,FLOCK - W Kuala Lumpur,Kuala Lumpur,Stay,Fine,https://www.instagram.com/reel/DIhB16ppdpf/?utm_source=ig_web_copy_link&igsh=MzRlODBiNWFlZA==,https://maps.app.goo.gl/auJ6LJ2VPTjT9bat5,,
68,FYSH - The Singapore EDITION,Singapore,Stay,Fine,https://www.instagram.com/reel/C_cKq7ySAGP/?igsh=NzloYTN5b3FzMmw5,https://maps.app.goo.gl/7VaeUbnSjfuLMSSo7?g_st=ic,,
69,"Gion Loka - SOWAKA Gion, Kyoto",Kyoto,Stay,Fine,https://www.instagram.com/reel/DHrClICTR9v/?utm_source=ig_web_copy_link&igsh=MzRlODBiNWFlZA==,https://maps.app.goo.gl/RxsB2ekyA1bYf4Cd7,,
70,Grand Club - Grand Hyatt Beijing,Beijing,Stay,Fine,https://www.instagram.com/p/DGiuUAFpvWt/?utm_source=ig_web_copy_link&igsh=MzRlODBiNWFlZA==,https://maps.app.goo.gl/mZ1yTPjRTqozTgex7,,
71,Grand Club - Grand Hyatt Tokyo,Tokyo,Stay,Fine,https://www.instagram.com/p/DHjPCbHT0t0/?utm_source=ig_web_copy_link&igsh=MzRlODBiNWFlZA==,https://maps.app.goo.gl/Wqbs7nhxiGLyFukj8,,
72,Grand Club - Grand Hyatt Xi'an,Xi'an,Stay,Fine,https://www.instagram.com/p/DGCotqZpv5_/?igsh=ZXMzZTI0dDNhcWFn,https://maps.app.goo.gl/kh9KMLgPz1uX4UEW7?g_st=ic,,
73,Grissini - Grand Hyatt Hong Kong,Hong Kong,Stay,Fine,https://www.instagram.com/reel/DJHjtDAJiPx/?utm_source=ig_web_copy_link&igsh=MzRlODBiNWFlZA==,https://maps.app.goo.gl/SHDz3rUH7Sb3CKua6,,
74,Hachi - Sofitel Phnom Penh Phokeethra,Phnom Penh,Stay,Fine,https://www.instagram.com/reel/DDH-GC1SCh4/?utm_source=ig_web_copy_link&igsh=MzRlODBiNWFlZA==,https://maps.app.goo.gl/U913FxDACwvTicgf9?g_st=ic,,
75,Hawker Hawker - W Macau,Macau,Stay,Fine,https://www.instagram.com/reel/DKQruJppet-/?utm_source=ig_web_copy_link&igsh=MzRlODBiNWFlZA==,https://maps.app.goo.gl/EfTyipVyUSXfNPj27,,
76,HEAT - W Xiamen,Xiamen,Stay,Fine,https://www.instagram.com/reel/DJtQgfhJ8sH/?igsh=MWk2YTlrendvOWR1bA==,https://maps.app.goo.gl/ezbC3oqbUmUVS3da7,,
77,Henshin - The Westin Jakarta,Jakarta,Stay,Fine,https://www.instagram.com/p/CyaKl9SL74Z/?igshid=ZWI2YzEzYmMxYg==,https://maps.app.goo.gl/rVwPLGV6EJHGGgdD9?g_st=ic,,
78,"Horizon Club - Shangri-La Far Eastern, Taipei",Taipei,Stay,Fine,https://www.instagram.com/p/DCCEgNRxUtM/?igsh=cGZkamxkcTgxa3Nz,https://maps.app.goo.gl/DsA5wR9fRLbSW1Ch6,,
79,Hoshinoya Tokyo - Hoshinoya Tokyo,Tokyo,Stay,Fine,https://www.instagram.com/reel/DHyES_BJnwJ/?utm_source=ig_web_copy_link&igsh=MzRlODBiNWFlZA==,https://maps.app.goo.gl/LjGqtDELXGuexJJS8,,
80,InterContinental Club - InterContinental Bali Resort,Bali,Stay,Fine,https://www.instagram.com/p/DEkj44tyb-Z/?igsh=bmQ4bXBlbHp4cnc5,https://maps.app.goo.gl/ErocepQpRTX5u5FL9,,
81,Izakaya by Oku  - Apurva Kempinski Bali,Bali,Stay,Fine,https://www.instagram.com/p/Cxrgp7kLbZE/?igshid=ZWI2YzEzYmMxYg==,https://maps.app.goo.gl/3rF1QjUhbzj5cbhA6?g_st=ic,,
82,JJA - The St. Regis Jakarta,Jakarta,Stay,Fine,https://www.instagram.com/reel/C7uL_PSByAL/?igsh=MW9oNW13MHM3NXVqaw==,https://maps.app.goo.gl/i7uYABEaPGLHX97u7?g_st=ic,,
83,KiSara - Conrad Bangkok,Bangkok,Stay,Fine,https://www.instagram.com/reel/DAVqli8Sxrh/?igsh=MTF0dW5icG10eGVrMw==,https://maps.app.goo.gl/7gxrs6xqFYMAPMxGA?g_st=ic,,
84,KO Teppanyaki - InterContinental Bali Resort,Bali,Stay,Fine,https://www.instagram.com/reel/DEaSeBeSup4/?igsh=d2l2NXRjcmx4djh2,https://maps.app.goo.gl/zrdtL6U2PNs4UqgFA,,
85,Koral - Apurva Kempinski Bali,Bali,Stay,Fine,https://www.instagram.com/reel/CVxf37ThTzE/?igshid=ZWI2YzEzYmMxYg==,https://maps.app.goo.gl/77TaTb1fZa7cbhwr9?g_st=ic,,
86,La Brezza - The St. Regis Zhuhai,Zhuhai,Stay,Fine,https://www.instagram.com/reel/DFNi89pS3Zc/?igsh=MWVhNmI2djJoY2lsMw==,https://maps.app.goo.gl/uCSijYhpLd5qUiHL8?g_st=ic,,
87,La Locanda - The Ritz-Carlton Kyoto,Kyoto,Stay,Fine,https://www.instagram.com/reel/DHHDdvXTBrU/?utm_source=ig_web_copy_link&igsh=MzRlODBiNWFlZA==,https://maps.app.goo.gl/9TxiXaiwNmNBca7F8,,
88,La Scala - The Sukhothai Bangkok,Bangkok,Stay,Fine,https://www.instagram.com/reel/DA2pI5XyZtf/?igsh=MXNkbHYzcXhsdnd0OQ==,https://maps.app.goo.gl/TqCxNtYD3LcwrDqS6?g_st=ic,,
89,Langham Club - The Langham Jakarta,Jakarta,Stay,Fine,https://www.instagram.com/p/Cz7Q5yTBJ0C/?img_index=4,https://maps.app.goo.gl/nUWF8ShCgzXsfbU76?g_st=ic,,
90,Le 17 Bistro - Sofitel Saigon Opera,Saigon,Stay,Fine,https://www.instagram.com/reel/C_gTZARSKcv/?igsh=eWcyOWVleWR5c2Vn,https://maps.app.goo.gl/9QrF5dFKsMS1xXeQ8,,
91,"Lily's - The Ritz-Carlton, Bangkok",Bangkok,Stay,Fine,https://www.instagram.com/reel/DLNWoGIJ-mo/?utm_source=ig_web_copy_link&igsh=MzRlODBiNWFlZA==,https://maps.app.goo.gl/R18eaFm4Mmd5bJcYA,,
92,Living Room - W Macau,Macau,Stay,Fine,https://www.instagram.com/reel/DKSDJjIJM4A/?utm_source=ig_web_copy_link&igsh=MzRlODBiNWFlZA==,https://maps.app.goo.gl/fX2x1tc8j6NcuCep8,,
93,Lobby Lounge - Mandarin Oriental Macau,Macau,Stay,Fine,https://www.instagram.com/p/DKXDKqjpFk5/?utm_source=ig_web_copy_link&igsh=MzRlODBiNWFlZA==,https://maps.app.goo.gl/UCsN4L4iJoqPxWGb7,,
94,Lobby Lounge - The St. Regis Beijing,Beijing,Stay,Fine,https://www.instagram.com/reel/DGqjxokSn3V/?utm_source=ig_web_copy_link&igsh=MzRlODBiNWFlZA==,https://maps.app.goo.gl/j46bfiWe2gD6HzWe6,,
95,Lobo & Juno - The Ritz-Carlton Jakarta,Jakarta,Stay,Fine,https://www.instagram.com/reel/C_VHBM5y_xx/?igsh=MWh1eGpxZzBoc2Jodw==,https://maps.app.goo.gl/EC21B8XBXKrAwfYP7?g_st=ic,,
96,Long Bar - Raffles Macau,Macau,Stay,Fine,https://www.instagram.com/reel/DKCAiBQJc0g/?utm_source=ig_web_copy_link&igsh=MzRlODBiNWFlZA==,https://maps.app.goo.gl/9YAzyC5zBH3SPmWh8,,
97,Long Bar - Raffles Shezhen,Shenzhen,Stay,Fine,https://www.instagram.com/reel/DJcBRCuJv5h/?utm_source=ig_web_copy_link&igsh=MzRlODBiNWFlZA==,https://maps.app.goo.gl/EWY94GVXnEhopuyA9,,
98,Made in China - Grand Hyatt Beijing,Beijing,Stay,Fine,https://www.instagram.com/reel/DGiuslqJTtK/?utm_source=ig_web_copy_link&igsh=MzRlODBiNWFlZA==,https://maps.app.goo.gl/mZ1yTPjRTqozTgex7,,
99,MIR√àIO - Raffles Makati ,Manila,Stay,Fine,https://www.instagram.com/p/C1Lw0F2r1Nc/?img_index=1,https://maps.app.goo.gl/JcT7K4KWp3TMDxG99,,
100,MO Bar - Mandarin Oriental Singapore,Singapore,Stay,Fine,https://www.instagram.com/reel/DDkufnzzPTQ/?igsh=MWFsZXBnanl2M2Rkdg==,https://maps.app.goo.gl/YvSki8PrEn28XJer9,,
101,"Nadaman - Kowloon, Shangri-La Hong Kong",Hong Kong,Stay,Fine,https://www.instagram.com/reel/DI_qwpUJqDa/?utm_source=ig_web_copy_link&igsh=MzRlODBiNWFlZA==,https://maps.app.goo.gl/a6CtyVsJuNrZvsDB7,,
102,Nammos - Four Seasons Dubai ,Dubai,Stay,Fine,https://www.instagram.com/reel/CcO8nNJhKZf/?igsh=M3FzeTh2b3Y4NzNv,https://maps.app.goo.gl/i97sVUT71vb1vE4h8?g_st=ic,,
103,Nautilus Bar - Four Seasons Hotel Jakarta,Jakarta,Stay,Fine,https://www.instagram.com/reel/C7kI6R6BRT2/?igsh=MW54aDV1dXF3d3g1bw==,https://maps.app.goo.gl/TFGRMzijk4WdSYvP7?g_st=ic,,
104,"Navio - The Ritz Carlton, Half Moon Bay",San Francisco,Stay,Fine,https://www.instagram.com/reel/DMaT8DRRSYy/?igsh=MWI2OGVqMnpsN2p6aQ==,https://maps.app.goo.gl/AaQWK23YCExGebDw8?g_st=ic,,
105,NINE - W Xiamen,Xiamen,Stay,Fine,https://www.instagram.com/reel/DJqmiK-p3Vo/?igsh=MWx2emd2M2lkN2xzag==,https://maps.app.goo.gl/ezbC3oqbUmUVS3da7,,
106,Nob HIll Club - InterContinental Mark Hopkins San Francisco,San Francisco,Stay,Fine,https://www.instagram.com/reel/DMtwGqspnTN/?igsh=MTV0eHhiYnVsdnMzbA==,https://maps.app.goo.gl/xo1HoZVCZ5W2xDt37?g_st=ic,,
107,NOKA - InterContinental Osaka,Osaka,Stay,Fine,https://www.instagram.com/reel/DHTzfZzzhX4/?igsh=MWJpNnJ2MGF5OHdzbg==,https://maps.app.goo.gl/VsVgT4W43zdYZ9ct8,,
108,Oasis Garden - The Prince Gallery Tokyo Kioicho,Tokyo,Stay,Fine,https://www.instagram.com/reel/DHguK7ZzQ1n/?igsh=MW1wenI0cDN0MWN0Zw==,https://maps.app.goo.gl/smBErUTCfaQBesqP8?g_st=ic,,
109,Oh La La - W Osaka,Osaka,Stay,Fine,https://www.instagram.com/p/CzaiXC8rq_S/?img_index=1,https://maps.app.goo.gl/WVsq2erc6Dg447KB8?g_st=ic,,
110,Orafo - Four Seasons San Francisco at Embarcadero,San Francisco,Stay,Fine,https://www.instagram.com/reel/DMUf_saOJrB/?igsh=dGx6dGV6d3F2dzEz,https://maps.app.goo.gl/xo1HoZVCZ5W2xDt37?g_st=ic,,
111,Oriental Pearl - Vinpearl Landmark 81 Hotel,Saigon,Stay,Fine,https://www.instagram.com/reel/C-0c600yEvK/?igsh=MXVhaTEwbW43ajdwbw==,https://maps.app.goo.gl/SWfQHsyWT73Hpx5v6?g_st=ic,,
112,Origin Grill & Origin Bar - Shangri-La Singapore,Singapore,Stay,Fine,https://www.instagram.com/p/DDsBxA7S03L/,https://maps.app.goo.gl/Xoo2N3qRZrCEDZXR9,,
113,PA.SO.LA - The Ritz-Carlton Pacific Place,Jakarta,Stay,Fine,https://www.instagram.com/reel/DCsfFEXy3tl/?igsh=MTJtd3h5aDNhaDhp,https://maps.app.goo.gl/A5qqNAoWsdwzf4M28?g_st=ic,,
114,PAII - W Bangkok,Bangkok,Stay,Fine,https://www.instagram.com/reel/DAarE4GSoiq/?igsh=MW1uam14ZHFjMDU2YQ==,https://maps.app.goo.gl/ksNTu169YR7jEnsd7,,
115,Pala - Apurva Kempinski Bali,Bali,Stay,Fine,https://www.instagram.com/p/CduN68UhtLh/?igshid=MzRlODBiNWFlZA%3D%3D,https://maps.app.goo.gl/ydUmsv74tPbdSVXe8?g_st=ic,,
116,Peacock Alley - Waldorf Astoria Xiamen,Xiamen,Stay,Fine,https://www.instagram.com/reel/DJ4MUm6JgTd/?utm_source=ig_web_copy_link&igsh=MzRlODBiNWFlZA==,https://maps.app.goo.gl/w5YHWhu7GDPvDh3t9,,
117,Penthouse Grill & Bar - Park Hyatt Bangkok,Bangkok,Stay,Fine,https://www.instagram.com/reel/DLqrRzDy-Zj/?utm_source=ig_web_copy_link&igsh=MzRlODBiNWFlZA==,https://maps.app.goo.gl/Btp3mbDwhFPFt1Ht7,,
118,Pierre Herm√© Paris - The RItz-Carlton Kyoto,Kyoto,Stay,Fine,https://www.instagram.com/reel/DHHKqQbTzjH/?utm_source=ig_web_copy_link&igsh=MzRlODBiNWFlZA==,https://maps.app.goo.gl/M7EDkqXMbmeT6E6RA,,
119,Pinstripe Bar - Viceroy Bali,Bali,Stay,Fine,https://www.instagram.com/reel/DKy2xADJu4h/?utm_source=ig_web_copy_link&igsh=MzRlODBiNWFlZA==,https://maps.app.goo.gl/HVYZaXpEx1Cr9vdt6,,
120,Pool Bar & Grill - Four Seasons Kuala Lumpur,Kuala Lumpur,Stay,Fine,https://www.instagram.com/p/DIL781bJibj/?utm_source=ig_web_copy_link&igsh=MzRlODBiNWFlZA==,https://maps.app.goo.gl/85A1CSMzVEbpRM2j9,,
121,POOLHOUSE - Grand Hyatt Kuala Lumpur,Kuala Lumpur,Stay,Fine,https://www.instagram.com/reel/DIcCXoJz3SD/?utm_source=ig_web_copy_link&igsh=MzRlODBiNWFlZA==,https://maps.app.goo.gl/5KbG4pphAHDyFxAh7,,
122,Punchroom - The Singapore EDITION,Singapore,Stay,Fine,https://www.instagram.com/p/C2yoiubLqCm/?img_index=1,https://maps.app.goo.gl/YTpymutcgBrnvkABA?g_st=ic,,
123,Purnama Honeymoon Bale - Raffles Bali,Bali,Stay,Fine,https://www.instagram.com/reel/CzwV6G4hheF/,https://maps.app.goo.gl/mnTMy2JQMdFVPt9v8,,
124,Quenino by Victor Long - Artyzen Singapore,Singapore,Stay,Fine,https://www.instagram.com/reel/C_GgP6IS5s-/?igsh=MWI5Mm4yODg1Y2Y0dQ==,https://maps.app.goo.gl/EZgNPwcoN1nBK7856,,
125,Raffles Club - Raffles Jakarta,Jakarta,Stay,Fine,https://www.instagram.com/p/C0whsp3Bavx/?img_index=8,https://maps.app.goo.gl/xU9c15xahimKMYvy6?g_st=ic,,
126,Raffles Lounge - Raffles Macau,Macau,Stay,Fine,https://www.instagram.com/reel/DKCAFNkpcb7/?utm_source=ig_web_copy_link&igsh=MzRlODBiNWFlZA==,https://maps.app.goo.gl/hNr1FBebUHkhDfiu9,,
127,"Ritz-Carlton Club - The Ritz-Carlton, Bangkok",Bangkok,Stay,Fine,https://www.instagram.com/p/DLSTOzxpeEH/?utm_source=ig_web_copy_link&igsh=MzRlODBiNWFlZA==,https://maps.app.goo.gl/wX12m43vkwcoC27h6,,
128,"Ritz-Carlton Club - The Ritz-Carlton, Half Moon Bay",San Francisco,Stay,Fine,https://www.instagram.com/p/DMaWdz3xfSi/?igsh=MWNuNGQycjJrYjR6Zw==,https://maps.app.goo.gl/aBPnKC3M52d3ESAU7?g_st=ic,,
129,"Ritz-Carlton Club - The Ritz-Carlton, Harbin",Harbin,Stay,Fine,https://www.instagram.com/p/C2WBR7HBfkB/?img_index=1,https://maps.app.goo.gl/R4SRosyBEL19x8scA?g_st=ic,,
130,"Ritz-Carlton Club - The Ritz-Carlton, Jakarta",Jakarta,Stay,Fine,https://www.instagram.com/p/CzullQBh4N0/?img_index=1,https://maps.app.goo.gl/HdKUDGi2xNmviEfp8?g_st=ic,,
131,"Ritz-Carlton Club - The Ritz-Carlton, Osaka",Osaka,Stay,Fine,https://www.instagram.com/p/DHKwbB6pJFz/?utm_source=ig_web_copy_link&igsh=MzRlODBiNWFlZA==,https://maps.app.goo.gl/CpqoymmDPqGqZRz36,,
132,"Ritz-Carlton Club - The Ritz-Carlton, Pacific Place",Jakarta,Stay,Fine,https://www.instagram.com/p/C4AVii6rVkm/?igsh=Y2VqMDV0cGNkcTdx,https://maps.app.goo.gl/LfgadZ6hZx9Zmpmh6?g_st=ic,,
133,"Ritz-Carlton Club - The Ritz-Carlton, San Francisco",San Francisco,Stay,Fine,https://www.instagram.com/p/DMj6hO4OhRl/?igsh=cjk0N2R0eHA0YzBz,https://maps.app.goo.gl/Yhegy9BaZq21ryBe7?g_st=ic,,
134,"Ritz-Carlton Club - The Ritz-Carlton, Singapore",Singapore,Stay,Fine,https://www.instagram.com/p/C0al6XAr3bZ/?img_index=1,https://maps.app.goo.gl/75a78gMSB3GEVWBD9?g_st=ic,,
135,Rong Ju - Capella Taipei,Taipei,Stay,Fine,https://www.instagram.com/reel/DNVKleeJjOY/?igsh=ODk0dnFkZWJibGpw,https://maps.app.goo.gl/xBBkJKSkXyMRh5BMA?g_st=ic,,
136,ROOF - The Shanghai EDITION,Shanghai,Stay,Fine,https://www.instagram.com/p/C1tnOkOre9T/?img_index=10,https://maps.app.goo.gl/6o3ebCcoz6BYwyJe9?g_st=ic,,
137,Sailendra - JW Marriott Jakarta,Jakarta,Stay,Fine,https://www.instagram.com/reel/C9VMx6SSs_C/?igsh=MWNxbWZlZXlvdnVuYg==,https://maps.app.goo.gl/8q9AMiGruuTwj7A3A?g_st=ic,,
138,Salathip - Shangri-La Bangkok,Bangkok,Stay,Fine,https://www.instagram.com/reel/DLU9RJAJLE5/?utm_source=ig_web_copy_link&igsh=MzRlODBiNWFlZA==,https://maps.app.goo.gl/KKt4cLidLFUQTVVM6,,
139,San Wu Tang - JEN Beijing,Beijing,Stay,Fine,https://www.instagram.com/reel/DGbNEcczOeT/?igsh=ZGRiMXNqYWVtaHRk,https://maps.app.goo.gl/4AiV8fMSs6ztLAsDA,,
140,Sangkar - Bvlgari Resorts Bali ,Bali,Stay,Fine,https://www.instagram.com/p/Cxrgp7kLbZE/?igshid=ZWI2YzEzYmMxYg==,https://maps.app.goo.gl/Lva3gkdbQDETHv7Z9?g_st=ic,,
141,"Saryo Zeze - Shisui, A Luxury Collection Hotel, Nara",Nara,Stay,Fine,https://www.instagram.com/reel/DHZN94dzYhs/?igsh=YmE0ODc0eWJsbmJz,https://maps.app.goo.gl/fxyNH2KyQGeHHGMN8,,
142,Seasons by Olivier E. - W Taipei,Taipei,Stay,Fine,https://www.instagram.com/reel/DNI2p6dpoRZ/?igsh=MWxuMnR4aHUwN2VneA==,https://maps.app.goo.gl/pgaaoScjesAtt5Kv7?g_st=ic,,
143,Secret Cave Dinner - Raffles Bali,Bali,Stay,Fine,https://www.instagram.com/reel/CzlvvoarZk8/?igshid=ZWI2YzEzYmMxYg==,https://maps.app.goo.gl/NcJcrrjit7ERh86i7,,
144,Shenzhen Kitchen - JW Marriott Shenzhen Bao'an,Shenzhen,Stay,Fine,https://www.instagram.com/reel/DJnSiqazta3/?igsh=YTFuZmdsYThjbG1i,https://maps.app.goo.gl/kcFsFT9KVAi97ZTA9,,
145,SKIRT - W Singapore,Singapore,Stay,Fine,https://www.instagram.com/reel/DNdqdg3J06i/?igsh=dGpzNTY4MHB2c3A5,https://maps.app.goo.gl/5sV3VAMFQKEmTmiR9?g_st=ic,,
146,Sky Gallery Lounge Levita - The Prince Gallery Tokyo Kioicho,Tokyo,Stay,Fine,https://www.instagram.com/reel/DHguzKzTo0-/?igsh=aDN4YXdkNzl5bTJj,https://maps.app.goo.gl/METFtb3LWfWcxP546?g_st=ic,,
147,Social - The St. Regis Chengdu,Chengdu,Stay,Fine,https://www.instagram.com/reel/DFfJO7kpR5I/?igsh=cDNxODFmcmM0cHM=,https://maps.app.goo.gl/HiA1dQsZ4iKpB11H9?g_st=ic,,
148,SoundScape - W Xiamen,Xiamen,Stay,Fine,https://www.instagram.com/reel/DJvFeGNyTRw/?igsh=NzF0Z3o5a2k0enhs,https://maps.app.goo.gl/ezbC3oqbUmUVS3da7,,
149,SPARK - W Chengdu,Chengdu,Stay,Fine,https://www.instagram.com/reel/DFiadF2SBth/?igsh=MThzOTJhbHQ3eXBrNg==,https://maps.app.goo.gl/Rodq8FdAvBEQ1uu4A?g_st=ic,,
150,Spectrum - Fairmont Jakarta,Jakarta,Stay,Fine,https://www.instagram.com/reel/C_XEkiaybdt/?igsh=bjBkOGR4N2dya2Zn,https://maps.app.goo.gl/aNJaYDZ6SyfMp1J38,,
151,Spectrum - Hyatt Regency Sukhumvit,Bangkok,Stay,Fine,https://www.instagram.com/reel/DBKhjN2hFJ_/?igsh=MW5yenZldXhxYjJhdw==,https://maps.app.goo.gl/ATd41VBDG3PEiXA19,,
152,St. Regis Bar - The St. Regis Jakarta,Jakarta,Stay,Fine,https://www.instagram.com/reel/C8AHzG-yBh6/,https://maps.app.goo.gl/ecLnZbbQQ4qFyziL7?g_st=ic,,
153,St. Regis Bar - The St. Regis Osaka,Osaka,Stay,Fine,https://www.instagram.com/p/CzfYTzprEjw/?igshid=ZWI2YzEzYmMxYg==,https://maps.app.goo.gl/s5zV75wpYNqqEgqv9?g_st=ic,,
154,"Suiy≈ç - Shisui, A Luxury Collection Hotel, Nara",Nara,Stay,Fine,https://www.instagram.com/reel/DHbSNZrpDDi/?igsh=MWYyNWd2Zm95N252aA==,https://maps.app.goo.gl/tT31AQpQnf9zaaZt6,,
155,Sushi Bar @ Library - The Hotel Seryu Kyot Kiyomizu ,Kyoto,Stay,Fine,https://www.instagram.com/reel/DHvZOzkpaia/?utm_source=ig_web_copy_link&igsh=MzRlODBiNWFlZA==,https://maps.app.goo.gl/FM3AWwhPVksZJ7bX7,,
156,Tam Chai Yu Chun - Galaxy Macau,Macau,Stay,Fine,https://www.instagram.com/reel/DKMRDUHp0b2/?utm_source=ig_web_copy_link&igsh=MzRlODBiNWFlZA==,https://maps.app.goo.gl/E96y5DVBxneMcJ497,,
157,"Tapas Bar - Kowloon, Shangri-La Hong Kong",Hong Kong,Stay,Fine,https://www.instagram.com/reel/DI_rMkQJ0cq/?utm_source=ig_web_copy_link&igsh=MzRlODBiNWFlZA==,https://maps.app.goo.gl/d5HnL4Qqh8Z7rQsLA,,
158,Teppanyaki Shou - Raffles Macau,Macau,Stay,Fine,https://www.instagram.com/reel/DKB_QFOpsd5/?utm_source=ig_web_copy_link&igsh=MzRlODBiNWFlZA==,https://maps.app.goo.gl/YUoucMfGLUaXCrz86,,
159,The Apron - Galaxy Macau,Macau,Stay,Fine,https://www.instagram.com/reel/DKKBjMzJn3E/?utm_source=ig_web_copy_link&igsh=MzRlODBiNWFlZA==,https://maps.app.goo.gl/iGTrcnZH5Jecpidn7,,
160,"The Blue Room - The Tokyo EDITION, Toranomon",Tokyo,Stay,Fine,https://www.instagram.com/p/Cyz2PKuLsko/?img_index=1,https://maps.app.goo.gl/axu3oN4mPCWwNpDs5?g_st=ic,,
161,"The BLVD - Beverly Wilshire, A Four Seasons Hotel",Los Angeles,Stay,Fine,https://www.instagram.com/reel/DMxqJfbpItX/?igsh=djd3YWd4bmM5dHR6,https://maps.app.goo.gl/rzuWaU9V7Kkg8LoU9?g_st=ic,,
162,The Courtyard - Fullerton Singapore,Singapore,Stay,Fine,https://www.instagram.com/reel/DKzkfCPpv2q/?utm_source=ig_web_copy_link&igsh=MzRlODBiNWFlZA==,https://maps.app.goo.gl/hF3D4ekfxzsrn7KT7,,
163,The Kitchen Table - W Shanghai,Shanghai,Stay,Fine,https://www.instagram.com/reel/C1gphMMLDKI/,https://maps.app.goo.gl/rePMjvdEHtYLfaQP9?g_st=ic,,
164,"The Lobby Bar - The Tokyo EDITION, Toranomon",Tokyo,Stay,Fine,https://www.instagram.com/p/CzENY2srsGs/?img_index=7,https://maps.app.goo.gl/ufG4fYRx1u4gcbQD8,,
165,The Lounge - JW Marriott Shenzhen Bao'an,Shenzhen,Stay,Fine,https://www.instagram.com/reel/DJiyHQfJQAT/?utm_source=ig_web_copy_link&igsh=MzRlODBiNWFlZA==,https://maps.app.goo.gl/kcFsFT9KVAi97ZTA9,,
166,"The Lounge - The Ritz Carlton, San Francisco",San Francisco,Stay,Fine,https://www.instagram.com/reel/DMhZ5S6OL5T/?igsh=MTIwNHp3YnBhc2Rudg==,https://maps.app.goo.gl/Yhegy9BaZq21ryBe7?g_st=ic,,
167,The Lounge at FS - Four Seasons Kuala Lumpur,Kuala Lumpur,Stay,Fine,https://www.instagram.com/p/DIQqsz_peoR/?utm_source=ig_web_copy_link&igsh=MzRlODBiNWFlZA==,https://maps.app.goo.gl/PgU1XBu43x9Z3Vry8,,
168,The Oak Door - Grand Hyatt Tokyo,Tokyo,Stay,Fine,https://www.instagram.com/reel/DHjQIYjTFMo/?utm_source=ig_web_copy_link&igsh=MzRlODBiNWFlZA==,https://maps.app.goo.gl/d6z2YQBc8kzkXR5p7,,
169,The St. Regis Bar - The St. Regis Chengdu,Chengdu,Stay,Fine,https://www.instagram.com/reel/DFdHxQ7yFy1/?igsh=MWJnbGJpdnJxc2gxZQ==,https://maps.app.goo.gl/HiA1dQsZ4iKpB11H9?g_st=ic,,
170,The St. Regis Bar - The St. Regis Zhuhai,Zhuhai,Stay,Fine,https://www.instagram.com/reel/DFSy83vykHb/?igsh=Nm82dnp1bWdjc3Jq,https://maps.app.goo.gl/uCSijYhpLd5qUiHL8?g_st=ic,,
171,The Summit - Shangri-La Singapore Valley Wing,Singapore,Stay,Fine,https://www.instagram.com/p/DDuox4qTTuH/,https://maps.app.goo.gl/sBp91kZffLP967GF7,,
172,THIRTY8 - Grand Hyatt Kuala Lumpur,Kuala Lumpur,Stay,Fine,https://www.instagram.com/reel/DIcBDLNzjFd/?utm_source=ig_web_copy_link&igsh=MzRlODBiNWFlZA==,https://maps.app.goo.gl/y2YdQFcQZHhuaiM79,,
173,Tian Jing Lou - InterContinental Bandung ,Bandung,Stay,Fine,https://www.instagram.com/reel/DBh5EZpyUIa/?igsh=cDI5NTc4ZG80ajlk,https://maps.app.goo.gl/zrS2aTKF9Ce6AEou7?g_st=ic,,
174,TOKI - THE MITSUI HOTEL KYOTO,Kyoto,Stay,Fine,https://www.instagram.com/reel/C-GCxXFys8B/?igsh=b2E1YjN0NmU5OTdm,https://maps.app.goo.gl/iAgX5Cg8Y4yRwn4X6?g_st=ic,,
175,Top of The Mark - InterContinental Mark Hopkins San Francisco,San Francisco,Stay,Fine,https://www.instagram.com/reel/DMpAhTapsku/?igsh=MTY3YjMzNDA5MW9vNA==,https://maps.app.goo.gl/j8n6tCjefEeqwZ7J9?g_st=ic,,
176,Town Restaurant - Fullerton Singapore,Singapore,Stay,Fine,https://www.instagram.com/reel/DK2SEf_pk1L/?utm_source=ig_web_copy_link&igsh=MzRlODBiNWFlZA==,https://maps.app.goo.gl/n4ZAumE3wX72JXH66,,
177,Vida Rica Bar - Mandarin Oriental Macau,Macau,Stay,Fine,https://www.instagram.com/reel/DKXD4IqJDK5/?utm_source=ig_web_copy_link&igsh=MzRlODBiNWFlZA==,https://maps.app.goo.gl/X97EXkCZf8x8CKVM9,,
178,Vida Rica Restaurant - Mandarin Oriental Macau,Macau,Stay,Fine,https://www.instagram.com/reel/DKW_lMrJ_T2/?utm_source=ig_web_copy_link&igsh=MzRlODBiNWFlZA==,https://maps.app.goo.gl/BVi6ndkzaRYJyWjS6,,
179,W Lounge - W Bangkok,Bangkok,Stay,Fine,https://www.instagram.com/reel/DBJdejQSB-V/?igsh=MXZiZGR2Ym9vY2RzYw==,https://maps.app.goo.gl/eyXpbGH2Tpj1xmMg7,,
180,Wajo - The St. Regis Osaka,Osaka,Stay,Fine,https://www.instagram.com/p/CzVYwh9NvGM/?igshid=ZWI2YzEzYmMxYg==,https://maps.app.goo.gl/WCAncUTj3dM3WoAc9?g_st=ic,,
181,Washoku Souten - The Prince Gallery Tokyo Kioicho,Tokyo,Stay,Fine,https://www.instagram.com/p/CzFvCl0rAls/?img_index=1,https://maps.app.goo.gl/hLQtYX8XUGhQTsD1A?g_st=ic,,
182,WEI - W Xi'an,Xi'an,Stay,Fine,https://www.instagram.com/reel/DGUj1EspXM6/?igsh=MW1kYWhkOGZ6ejZrbw==,https://maps.app.goo.gl/oypJtYEfcFDw4wxp9,,
183,Wet Deck - W Kuala Lumpur,Kuala Lumpur,Stay,Fine,https://www.instagram.com/reel/DIeZ4GhyN-T/?utm_source=ig_web_copy_link&igsh=MzRlODBiNWFlZA==,https://maps.app.goo.gl/wZDxxKLKYCebbYgB9,,
184,WET Deck - W Shanghai,Shanghai,Stay,Fine,https://www.instagram.com/p/C13TmNvrcIS/?img_index=1,https://maps.app.goo.gl/rePMjvdEHtYLfaQP9?g_st=ic,,
185,WOOBAR - W Taipei,Taipei,Stay,Fine,https://www.instagram.com/reel/DNLQvcKJ_Y8/?igsh=MW84amNmc3V2b3Nqdg==,https://maps.app.goo.gl/4H6ByWpEx4ag7G4UA?g_st=ic,,
186,WooBar - W Xi'an,Xi'an,Stay,Fine,https://www.instagram.com/reel/DGV3h2zS_7E/?igsh=MWhxbng5OTF5N2hvNg==,https://maps.app.goo.gl/oypJtYEfcFDw4wxp9,,
187,Writers Bar - Raffles Jakarta,Jakarta,Stay,Fine,https://www.instagram.com/p/C0whsp3Bavx/?igsh=dzI3a2I4cnF4cjJq ,https://maps.app.goo.gl/4n7Js9sCNMay8MARA,,
188,Writers Bar - Raffles Makati,Manila,Stay,Fine,https://www.instagram.com/p/C084imLLFcP/?img_index=1,https://maps.app.goo.gl/rBfYQ54CvP2ZQ2W6A,,
189,Yan Ting - The St. Regis Chengdu,Chengdu,Stay,Fine,https://www.instagram.com/reel/DFbsF27y5Q5/?igsh=eGNpcXZ1a3F1cTZ1,https://maps.app.goo.gl/HiA1dQsZ4iKpB11H9?g_st=ic,,
190,YEN - W Xi'an,Xi'an,Stay,Fine,https://www.instagram.com/reel/DGTYdH0SDEw/?igsh=azJzNmdtbHN0bTg3,https://maps.app.goo.gl/oypJtYEfcFDw4wxp9,,
191,Yun Fu - The St. Regis Chengdu,Chengdu,Stay,Fine,https://www.instagram.com/p/DFc9xowSrvv/?img_index=5&igsh=djA4N2U5NGsxdGhw,https://maps.app.goo.gl/HiA1dQsZ4iKpB11H9?g_st=ic,,
192,Yun House - Four Seasons Kuala Lumpur,Kuala Lumpur,Stay,Fine,https://www.instagram.com/reel/DIPA_x6Tuwv/?utm_source=ig_web_copy_link&igsh=MzRlODBiNWFlZA==,https://maps.app.goo.gl/SdVEhtnpEBEikb6CA,,
193,Yun Jing - Raffles Shezhen,Shenzhen,Stay,Fine,https://www.instagram.com/reel/DJef1ljpIj5/?utm_source=ig_web_copy_link&igsh=MzRlODBiNWFlZA==,https://maps.app.goo.gl/EWY94GVXnEhopuyA9,,
194,ZING - W Chengdu,Chengdu,Stay,Fine,https://www.instagram.com/reel/DFf_B_6TJO8/?igsh=MWNzcjFnczA1aml6dQ==,https://maps.app.goo.gl/Rodq8FdAvBEQ1uu4A?g_st=ic,,
195,ABar by Akira Back,Jakarta,Winery,Fine,https://www.instagram.com/reel/C6tA-BHraOg/?igsh=MTMyODBkcDlhdDRqcA==,https://maps.app.goo.gl/4cekQ4d5gbMDUGT4A?g_st=ic,,
196,DND do not disturb Bar,Jakarta,Winery,Fine,https://www.instagram.com/reel/DBfik_0S3oJ/?igsh=MTU3bTlxbWMxYzEwZQ==,https://maps.app.goo.gl/PoYs4TxpWwJVCY748?g_st=ic,,
197,Izzy Social Club,Jakarta,Winery,Fine,https://www.instagram.com/reel/C4S-a0cLUid/?igsh=MXA3ZjE4ZHlhOGNscw==,https://maps.app.goo.gl/PoDnSAnAmKu7aRoq9?g_st=ic,,
198,Mahanakhon Sky Walk,Bangkok,Winery,Fine,https://www.instagram.com/reel/DAtfwCoSxoz/?igsh=MWpjMGo0NWhwdnE2dQ==,https://maps.app.goo.gl/b2fcQWzQwDNs5ppTA,,
199,Opium Bar,Bangkok,Winery,Fine,https://www.instagram.com/reel/DA57oeXS67s/?igsh=Zm4xMnc1MnR0dWc3,https://maps.app.goo.gl/wcuJhmuMPuc3Togv8?g_st=ic,,
200,The Curator Manila,Manila,Winery,Fine,https://www.instagram.com/p/ClFuIt5rmym/?igshid=ZWI2YzEzYmMxYg==,https://maps.app.goo.gl/np3UnvnkC7NFPYT9A ,,
201,Tichuca,Bangkok,Winery,Fine,https://www.instagram.com/reel/DBD9J6kSmV0/?igsh=MXNrZWxoM2t6anhvZw==,https://maps.app.goo.gl/smPPUdht2SPo4iXc9,,
202,% Arabica Kyoto,Kyoto,Restaurant,Premium,https://www.instagram.com/p/CoDIT3RBhZv/?igsh=MWx0NzVhZ2RhcnE2aw==,https://maps.app.goo.gl/41oEAzaaWHz52gwD8?g_st=ic,,
203,% Arabica Roastery,Jakarta,Restaurant,Premium,https://www.instagram.com/reel/C9NlRwEyGWi/?igsh=ZnIwaDZ3c21zbjdy,https://maps.app.goo.gl/pg6FZ27agqXys6DK9?g_st=ic,,
204,71st Omakase,Jakarta,Restaurant,Premium,https://www.instagram.com/reel/C8yXfTryj-T/?igsh=dTBiNmtjZ2k2Nzl2,https://maps.app.goo.gl/R1eR2aCr4fn8JtGK9?g_st=ic,,
205,Atsumaru Izakaya,Jakarta,Restaurant,Premium,https://www.instagram.com/reel/C_vwA-pSQwp/,https://maps.app.goo.gl/h9fz8T72qvuwzy4D7?g_st=ic,,
206,Ayutthaya Grand River Cruise,Bangkok,Restaurant,Premium,https://www.instagram.com/reel/DApXam0y7I_/,https://maps.app.goo.gl/KPPk1tXG1QwWyfKw5,,
207,BK Salon,Bangkok,Restaurant,Premium,https://www.instagram.com/reel/DBAQBlKB9K6/?igsh=ZXFlbXJ4aWZsbmFs,https://maps.app.goo.gl/V58rWbvod5ovsvet9?g_st=ic,,
208,Blackjack,Jakarta,Restaurant,Premium,https://www.instagram.com/reel/C9IRVWVyOim/,https://maps.app.goo.gl/8NEKB4tjGbxeKNTJ9?g_st=ic,,
209,Blue Bottle Kyoto,Kyoto,Restaurant,Premium,https://www.instagram.com/p/CoDH5TeBnvD/?igsh=MTV3Y211MzRwNXo1cA==,https://maps.app.goo.gl/Urc8E4m8TvrezYUw8?g_st=ic,,
210,Bouchon Jakarta,Jakarta,Restaurant,Premium,https://www.instagram.com/reel/C66IEHDLubj/?igsh=ZHU1djVvYmNpcmpu,https://maps.app.goo.gl/GuurUZtpPAqjv3uV7?g_st=ic,,
211,Breman85,Jakarta,Restaurant,Premium,https://www.instagram.com/reel/C7UZw1aSH7E/?igsh=MTNmZ2s1azV6YjU3Zg== ,https://maps.app.goo.gl/HfP7N3ZiWmaQAUGTA?g_st=ic,,
212,Cafe Kissa,Jakarta,Restaurant,Premium,https://www.instagram.com/p/C0rUs2bLQK3/?img_index=6,https://maps.app.goo.gl/1v5VVkZwo643W9Nk8 ,,
213,Caffe Milano,Jakarta,Restaurant,Premium,https://www.instagram.com/reel/DKhSTBipykX/?utm_source=ig_web_copy_link&igsh=MzRlODBiNWFlZA==,https://maps.app.goo.gl/qfyWXHeZZ6jcqrvw7,,
214,Coriander Leaf,Singapore,Restaurant,Premium,https://www.instagram.com/reel/C_VHBM5y_xx/?igsh=MWh1eGpxZzBoc2Jodw==,https://maps.app.goo.gl/EC21B8XBXKrAwfYP7?g_st=ic,,
215,Cork & Screw Country Club,Jakarta,Restaurant,Premium,https://www.instagram.com/p/CGlvpDihXM4/?igshid=ZWI2YzEzYmMxYg==,https://maps.app.goo.gl/CwtoVeirRPakVuJf7?g_st=ic,,
216,Coucou Authentic Swiss Restaurant,Singapore,Restaurant,Premium,https://www.instagram.com/reel/DDdVNLsT8TW/?igsh=MTdoMjY2OTdqNHQycw==,https://maps.app.goo.gl/dWZUddiwbsda7NvHA,,
217,Cuca,Bali,Restaurant,Premium,https://www.instagram.com/reel/DKxNDmATZTj/?utm_source=ig_web_copy_link&igsh=MzRlODBiNWFlZA==,https://maps.app.goo.gl/fs3MSmYLyTLMK1QB9?g_st=ic,,
218,D'RIM Korean Steak House,Singapore,Restaurant,Premium,https://www.instagram.com/reel/C_j03oQSSrU/?igsh=MTd1eWZleXlkN3lsdQ==,https://maps.app.goo.gl/ig4GbvgJcZ8obsL66?g_st=ic,,
219,Dailah Sajian Nusantara,Jakarta,Restaurant,Premium,https://www.instagram.com/reel/C9niSTwS3Cv/?igsh=MWZpeGZncTBrN2VjZg==,https://maps.app.goo.gl/Hd64HA18bVDe6aU8A?g_st=ic,,
220,DWNTWN Plaju,Jakarta,Restaurant,Premium,https://www.instagram.com/reel/C6wjJR5B4QU/?igsh=MXJkMXZvcnVueTN3MQ==,https://maps.app.goo.gl/ZzhzuAXKwouhs92d7?g_st=ic,,
221,Goodtime Jakarta,Jakarta,Restaurant,Premium,https://www.instagram.com/reel/C7M2bnWSzcz/,https://maps.app.goo.gl/ex3Yh4TfjYedzbzD9?g_st=ic,,
222,Greyhound Cafe,Jakarta,Restaurant,Premium,https://www.instagram.com/reel/C_Zkz-nSTFn/?igsh=Z2RzZXphZW16aHdz,https://maps.app.goo.gl/vhjY6ungQ3BPbP8L7?g_st=ic,,
223,Gyukatsu Kyoto Katsugyu,Jakarta,Restaurant,Premium,https://www.instagram.com/reel/C_SHZkDyheb/?igsh=cWN0Zm1nNHprZTlo,https://maps.app.goo.gl/N9RxB3o5wWSpSDMq7?g_st=ic,,
224,Gyushige,Jakarta,Restaurant,Premium,https://www.instagram.com/p/C9c4tkfyZns/,https://maps.app.goo.gl/xYL7ihMkpw5tzQjo6?g_st=ic,,
225,High Table,Jakarta,Restaurant,Premium,https://www.instagram.com/reel/DCc-OQJBvUT/?igsh=NzkyMHB5M29uMm40,https://maps.app.goo.gl/VbPFjLTo935sn6eX9?g_st=ic,,
226,HIYOKO,Jakarta,Restaurant,Premium,https://www.instagram.com/reel/C922nxXyUkM/?igsh=MXAwYzl0ZWVhamxhNg==,https://maps.app.goo.gl/xYL7ihMkpw5tzQjo6?g_st=ic,,
227,Hot Pot Banquet Baguo,Chongqing,Restaurant,Premium,https://www.instagram.com/reel/DF510GPz0vk/?igsh=bjI4b2pid2p3Zmh0,https://www.instagram.com/reel/DF510GPz0vk/?igsh=bjI4b2pid2p3Zmh0,,
228,HUGE,Bali,Restaurant,Premium,https://www.instagram.com/reel/C4zuFbGrraa/?igsh=NGNneHNmYjE1cWlu,https://maps.app.goo.gl/87PFF9wX69FJgw15A?g_st=ic,,
229,Il Sogno Jakarta,Jakarta,Restaurant,Premium,https://www.instagram.com/reel/C69WyjUyht8/?igsh=Yjg3OTlncHFjaHJ6,https://maps.app.goo.gl/M4UVSAzcAkXJmdw38?g_st=ic,,
230,Jo√´lle,Jakarta,Restaurant,Premium,https://www.instagram.com/reel/DEzqTI3yesX/?igsh=OGxhZDF2dzVjb2Nw,https://maps.app.goo.gl/rj3mFyh4sC9rJ7wR7?g_st=ic,,
231,Jon & Lou,Jakarta,Restaurant,Premium,https://www.instagram.com/reel/C74dbNey9ci/?igsh=MWpuNWFtcDJmbTZycw==,https://maps.app.goo.gl/6yCTq9LBeBrQkq8bA?g_st=ic,,
232,Juno,Hong Kong,Restaurant,Premium,https://www.instagram.com/reel/DJRTR3EJs3O/?utm_source=ig_web_copy_link&igsh=MzRlODBiNWFlZA==,https://maps.app.goo.gl/qSnpGA74T7w1ygUa7,,
233,Kimchi Dining,Singapore,Restaurant,Premium,https://www.instagram.com/reel/C_pU5J0ycCd/,https://maps.app.goo.gl/oPpi4f5EfFVGZndx8?g_st=ic,,
234,La Brisa Bali,Bali,Restaurant,Premium,https://www.instagram.com/p/CTyk0j0hI97/?igshid=ZWI2YzEzYmMxYg==,https://maps.app.goo.gl/DH6C75Jdv9cEkaQf8?g_st=ic,,
235,LETEN Paradise Dysnasty,Jakarta,Restaurant,Premium,https://www.instagram.com/reel/DBa162-yekz/?igsh=MW5haXd3ZWRqZXpmNw==,https://maps.app.goo.gl/AfWEG1aiCJjAtwiJ7,,
236,LOBI LOBI SCBD,Jakarta,Restaurant,Premium,https://www.instagram.com/reel/C8ZnFO2SHnC/?igsh=cGtuMnVmc3QwNzdt,https://maps.app.goo.gl/PgHk8eoYnFBrWHWAA?g_st=ic,,
237,Lounge in the Sky Jakarta,Jakarta,Restaurant,Premium,https://www.instagram.com/reel/Cc3GLXyBWzi/?igshid=ZWI2YzEzYmMxYg==,https://maps.app.goo.gl/PgHk8eoYnFBrWHWAA?g_st=ic,,
238,LYNKED,Bali,Restaurant,Premium,https://www.instagram.com/reel/DEpt0OOynYR/?utm_source=ig_web_copy_link&igsh=MzRlODBiNWFlZA==,https://maps.app.goo.gl/Axve1mcfTXogstCn8?g_st=ic,,
239,Maison Tatsuya,Jakarta,Restaurant,Premium,https://www.instagram.com/reel/C_3yn68Sd54/?igsh=MXRmb3RsMTAzM2JxZw==,https://maps.app.goo.gl/Pp5Xrbz4z6wq38sv5?g_st=ic,,
240,Markette,Jakarta,Restaurant,Premium,https://www.instagram.com/reel/DHgsAiqTTFn/?igsh=MWE2NHJ4dXQ1YTA3MA==,https://maps.app.goo.gl/rudUYH98bVmeoJxN8?g_st=ic,,
241,Massilia,Jakarta,Restaurant,Premium,https://www.instagram.com/p/C9iA_nXyoS4/,https://maps.app.goo.gl/1ppordYtWbDPaaP8A?g_st=ic,,
242,Michelin Thai Food Bus Tour,Bangkok,Restaurant,Premium,https://www.instagram.com/reel/DAzkWKVy5B7/?igsh=eHp6aWhoZXVodjhv,https://maps.app.goo.gl/R5XdAwJxkVC5J6gdA,,
243,Mimpi Cafe Bali,Bali,Restaurant,Premium,https://www.instagram.com/p/Cxzuj42rmxT/?igshid=ZWI2YzEzYmMxYg==,https://maps.app.goo.gl/CgRsmaWxWcnwmQZ66,,
244,Miss Fish,Jakarta,Restaurant,Premium,https://www.instagram.com/reel/C636D7rhZ96/?igsh=MTh4aDBhbmdtdjhuMQ==,https://maps.app.goo.gl/uefe9BdeekWpbnnJA?g_st=ic,,
245,Ninive,Dubai,Restaurant,Premium,https://www.instagram.com/p/CbwtNPgKEsa/?igshid=ZWI2YzEzYmMxYg==,https://maps.app.goo.gl/VdKQXdsGWuVZSFvq5?g_st=ic,,
246,OD by Oyster Dealer,Jakarta,Restaurant,Premium,https://www.instagram.com/reel/C-A7aTBSpSC/?igsh=Ym8yYTc3NmNvcDdz,https://maps.app.goo.gl/9WkWu1LX8LPZyfoU6?g_st=ic,,
247,Paradise Dynasty,Jakarta,Restaurant,Premium,https://www.instagram.com/reel/DDOimSFpdr4/?igsh=b3doYWxqcWFlZTI1,https://maps.app.goo.gl/pYyJmRLWV9tqEQAY7,,
248,Paris Bistro,Jakarta,Restaurant,Premium,https://www.instagram.com/reel/DFEUXX3TL8e/?igsh=cHJqM3JuZDdvMG04,https://maps.app.goo.gl/oiFJrfTtnroiPpADA?g_st=ic,,
249,Paris Sorbet,Jakarta,Restaurant,Premium,https://www.instagram.com/reel/DB0pPZIy4ZX/?igsh=aDI4bTV6dXdhcmhs,https://maps.app.goo.gl/3jdFeBzhAPJmjmR98?g_st=ic,,
250,Penang Bistro,Jakarta,Restaurant,Premium,https://www.instagram.com/reel/C_2Tx9aSr2L/,https://maps.app.goo.gl/h2hjWdeYKaMTMKDk8?g_st=ic,,
251,PICCA Steakroom,Jakarta,Restaurant,Premium,https://www.instagram.com/p/C8H8SlhSEbl/,https://maps.app.goo.gl/gcHQonE2WMSmQCVd7?g_st=ic,,
252,Pierre,Jakarta,Restaurant,Premium,https://www.instagram.com/reel/DB0p1a2SMex/?igsh=MXZtY2p5bno2Mnh0MQ==,https://maps.app.goo.gl/4jYjNtbyCZMJoo8A7?g_st=ic,,
253,Pizzeria Cavalese,Jakarta,Restaurant,Premium,https://www.instagram.com/reel/C-dRLsbyl2e/?igsh=MXZjbGk1eW5kejFqbQ==,https://maps.app.goo.gl/NWpVFe4raYCYaidd6?g_st=ic,,
254,Plataran Dharmawangsa,Jakarta,Restaurant,Premium,https://www.instagram.com/reel/DHFGZi3zY2p/?utm_source=ig_web_copy_link&igsh=MzRlODBiNWFlZA==,https://maps.app.goo.gl/wKfuynsp2zBJRDiN8,,
255,Publish,Jakarta,Restaurant,Premium,https://www.instagram.com/reel/DDCAr1KJ0C4/?igsh=NnRnajdnNnJlY2My,https://www.google.com/maps/reviews/data=!4m8!14m7!1m6!2m5!1sChZDSUhNMG9nS0VJQ0FnSURQakxTc2NnEAE!2m1!1s0x0:0xb6c52196c2f12522!3m1!1s2@1:CIHM0ogKEICAgIDPjLSscg%7CCgwIguinugYQyKOXygM%7C?hl=en-GB&g_st=ic,,
256,SEMAJA & NAAGA ,Jakarta,Restaurant,Premium,https://www.instagram.com/reel/C32y0-zysa2/?igsh=MWlqc2Vzajd5dWF1eg==,https://maps.app.goo.gl/NWPWvFEhVD9GcWwL6?g_st=ic,,
257,Seribu Rasa,Jakarta,Restaurant,Premium,https://www.instagram.com/reel/DFubAbPJH5h/?igsh=NWw5N2xha3R2YzZ5,https://maps.app.goo.gl/W84wBvYyL559xABLA?g_st=ic,,
258,Shikaku Jakarta,Jakarta,Restaurant,Premium,https://www.instagram.com/reel/C7GavfxLy-o/?igsh=MWdvanRleW82NGRjbA==,https://maps.app.goo.gl/YXjNbzC4CVWNcb5fA?g_st=ic,,
259,Shiki Dharmawangsa,Jakarta,Restaurant,Premium,https://www.instagram.com/reel/C8TbkuByQbw/ ,https://maps.app.goo.gl/xbVaGsX3umymigHY8?g_st=ic,,
260,SILO,Jakarta,Restaurant,Premium,https://www.instagram.com/reel/C8M-4HsSxq1/ ,https://maps.app.goo.gl/2foJPieSgmZLDrXd9?g_st=ic,,
261,SKYE,Jakarta,Restaurant,Premium,https://www.instagram.com/p/CEtRQPDhG9A/?igshid=ZWI2YzEzYmMxYg==,https://maps.app.goo.gl/b62tJQPBWeYkWcvs7?g_st=ic,,
262,SLAB,Jakarta,Restaurant,Premium,https://www.instagram.com/reel/DCiRMrJSJ8A/?igsh=bHkxNHcyNHJrM3dw,https://maps.app.goo.gl/ptBsY4XgarT8Wyw78?g_st=ic,,
263,Soichiro ,Jakarta,Restaurant,Premium,https://www.instagram.com/reel/DAYX5bVSeyM/?igsh=Mm1sbjBzZjM2NHhi,https://maps.app.goo.gl/BbxApRKapN3nAjAz9?g_st=ic,,
264,STALK Jakarta,Jakarta,Restaurant,Premium,https://www.instagram.com/reel/Cz_1KbmhJ78/?igshid=ZWI2YzEzYmMxYg==,https://maps.app.goo.gl/pn9LxAg8VDin3aut5?g_st=ic,,
265,Sudestada,Jakarta,Restaurant,Premium,https://www.instagram.com/reel/C9EnYznStDM/,https://maps.app.goo.gl/iThwehVX2CB7syhRA?g_st=ic,,
266,Tanjong Beach Club ,Singapore,Restaurant,Premium,https://www.instagram.com/p/CdLkyiTh-1H/?igshid=ZWI2YzEzYmMxYg==,https://maps.app.goo.gl/vD67nnjFBUUX3rYH6?g_st=ic,,
267,The COACH Restaurant,Jakarta,Restaurant,Premium,https://www.instagram.com/reel/C4idrG9L9Le/?igsh=MTZ3M2xrNzF4Znlhcw==,https://maps.app.goo.gl/RTNnjrdtNsC2PgzAA?g_st=ic,,
268,The Maple Brasserie,Jakarta,Restaurant,Premium,https://www.instagram.com/reel/DFG3aQxTANe/?igsh=MTVtNjN2eW9oNmR2Nw==,https://maps.app.goo.gl/bcA87MxwH3bKqooo8?g_st=ic,,
269,The Neighbourhood,Jakarta,Restaurant,Premium,https://www.instagram.com/reel/C4Nrl4sx50G/?igsh=MWU4ZnN4aGV0NjgwYg==,https://maps.app.goo.gl/w7qvoSTrLsdVLMWK6?g_st=ic,,
270,The Nineteen Jakarta,Jakarta,Restaurant,Premium,https://www.instagram.com/reel/DBWNxS1Swph/?igsh=MTdwN2hjeHRlOHhpMg==,https://maps.app.goo.gl/xZENJrEdLunTSBQy9,,
271,Tiffany Blue Box Cafe,Taipei,Restaurant,Premium,https://www.instagram.com/reel/DCGB4RwyH3h/?igsh=aWJ2dnc1ZDZsM2Ey,https://maps.app.goo.gl/5DLpb38hw933At1Y8,,
272,Txoko,Jakarta,Restaurant,Premium,https://www.instagram.com/reel/C8gKgdPSnij/?hl=en,https://maps.app.goo.gl/ojiGdtkxKgML7dsf8?g_st=ic,,
273,Ukiyo Omakase,Bangkok,Restaurant,Premium,https://www.instagram.com/reel/CbpW3nBllvt/?igshid=ZWI2YzEzYmMxYg==,https://maps.app.goo.gl/rP2AsNELMvYxuVqX9?g_st=ic,,
274,Union Jakarta,Jakarta,Restaurant,Premium,https://www.instagram.com/reel/DCZoc5PBx0C/?igsh=MWY4dHRxcDNtZ2twZA==,https://maps.app.goo.gl/AmtH2y8bhhgFsYW3A?g_st=ic,,
275,URESHII,Singapore,Restaurant,Premium,https://www.instagram.com/reel/DDfxEmaTNs3/?igsh=MXEwbDhoOTR4eGZ6Ng==,https://maps.app.goo.gl/Rut8ryuquGWdJFxU8,,
276,Wabi Sabi,Jakarta,Restaurant,Premium,https://www.instagram.com/p/C8ooCOTSuBo/?hl=en,https://maps.app.goo.gl/F6bDdNA2F4RSvvf67?g_st=ic,,
277,Warung Ithaca,Bali,Restaurant,Premium,https://www.instagram.com/reel/C-QMttwyA98/?igsh=MXU2NTJ6NXZ1dDM4dg==,https://maps.app.goo.gl/YzhefTyLCt6rT12v7?g_st=ic,,
278,Xie Yu Sun,Jakarta,Restaurant,Premium,https://www.instagram.com/reel/C7cYi6WBQeY/?igsh=YjN1Ymhpczl5aWFh,https://maps.app.goo.gl/vTDf1P2RtURjHSWQA?g_st=ic,,
279,Yewon,Jakarta,Restaurant,Premium,https://www.instagram.com/reel/C-iGitByTpK/?igsh=ank5bnllN2x1NmVr,https://maps.app.goo.gl/phk8gDSwZQTHNmYp9?g_st=ic,,
280,Yoku Yatta Omakase,Jakarta,Restaurant,Premium,https://www.instagram.com/reel/CzQoAf8rl0N/?igshid=ZWI2YzEzYmMxYg==,https://maps.app.goo.gl/4p5pjZMicp2C1Txb8?g_st=ic,,
281,15 Stamford - Capitol Kempinski Singapore,Singapore,Stay,Premium,https://maps.app.goo.gl/amsmXcakGj9qXvSk7,https://maps.app.goo.gl/munuxSuu2RV865Zh8,,
282,15 Stamford Bar - Capitol Kempinski Singapore,Singapore,Stay,Premium,https://maps.app.goo.gl/amsmXcakGj9qXvSk7,https://maps.app.goo.gl/EGvMaXUkoGnGPZ5G9 ,,
283,1920 Lounge - Grand Kemang Hotel,Jakarta,Stay,Premium,https://www.instagram.com/reel/C842HrHyCRp/,https://maps.app.goo.gl/wY6BnzJhwuve5oPz8?g_st=ic,,
284,1928 - The Hermitage Jakarta,Jakarta,Stay,Premium,https://www.instagram.com/p/C3kmoM7rq2a/?img_index=1,https://maps.app.goo.gl/Ur9TRAJ9k8JjpeZx5,,
285,After Rock - Ayana Bali Resort,Bali,Stay,Premium,https://www.instagram.com/reel/DKsAHlSJInt/?utm_source=ig_web_copy_link&igsh=MzRlODBiNWFlZA==,https://maps.app.goo.gl/h53GtJp6i82E5LVf7?g_st=ic,,
286,Ah Meng Singapore Zoo - Mandai Rainforest Resort by Banyan Tree,Singapore,Stay,Premium,https://www.instagram.com/reel/DLCyUZ0JBjm/?utm_source=ig_web_copy_link&igsh=MzRlODBiNWFlZA==,https://maps.app.goo.gl/f4xYHkJKwFybMs3C7,,
287,Al Nafoura - Le M√©ridien Jakarta,Jakarta,Stay,Premium,https://www.instagram.com/reel/C3eYjcZLbT1/?igsh=MXBuc2pxam4xeDAwaw==,https://maps.app.goo.gl/GnyLJbt5DMaFA9ky6?g_st=ic,,
288,Allora - Crowne Plaza Singapore Changi Airport,Singapore,Stay,Premium,https://www.instagram.com/reel/DEU76ezS656/?igsh=YnN4Z2FyYzVtc3Fk,https://maps.app.goo.gl/H7zrkvH7ci8qQovY7,,
289,AVA Brasserie - InterContinental Bangkok Sukhumvit,Bangkok,Stay,Premium,https://www.instagram.com/reel/DL2qD1JpvOg/?igsh=OXBnamRvZG5qdXZw,https://maps.app.goo.gl/amsmXcakGj9qXvSk7,,
290,AVOCA - Mondrian Hong Kong,Hong Kong,Stay,Premium,https://www.instagram.com/reel/DJMnNLrSZ0S/?utm_source=ig_web_copy_link&igsh=MzRlODBiNWFlZA==,https://maps.app.goo.gl/5926fZLBXUZCG7Ft9,,
291,Bara on Six - Traders Hotel Kuala Lumpur,Kuala Lumpur,Stay,Premium,https://www.instagram.com/reel/DIlxyBDJyp-/?utm_source=ig_web_copy_link&igsh=MzRlODBiNWFlZA==,https://maps.app.goo.gl/cstU6FBBvBiB4UW2A,,
292,BARSON - Le M√©ridien Saigon,Saigon,Stay,Premium,https://www.instagram.com/reel/C-87whwyLjT/?igsh=a2R3bjZkZmp6eTI0,https://maps.app.goo.gl/9c9ZexoRQmzVeLNu5?g_st=ic,,
293,Blue Terrace - Ayana Midplaza Jakarta,Jakarta,Stay,Premium,https://www.instagram.com/reel/DDSI2yfyqYi/?igsh=YWtjMTduZWl3YWN6,https://maps.app.goo.gl/jHXUKYtuxY8ghcuK6,,
294,Bottega di Carna - Mondrian Singapore Duxton,Singapore,Stay,Premium,https://www.instagram.com/reel/DEGpsN0Sy6h/?igsh=amo3c3BjZjQ1N2Vs,https://maps.app.goo.gl/ppQWgkMAxUfV4VX19,,
295,Caf√© Standard - The Standard Singapore,Singapore,Stay,Premium,https://www.instagram.com/reel/DD7ac5NyzxF/?igsh=cTRqMmpvMjRzZTZj,https://maps.app.goo.gl/NMcDY4HRmLodUE5L6,,
296,C√â LA VI - Marina Bay Sands,Singapore,Stay,Premium,SOON,SOON,,
297,Cedric Grolet - COMO Metropolitan Singapore,Singapore,Stay,Premium,https://www.instagram.com/reel/DNn2s4opUpc/?igsh=ZjR4aGRmc3M0NjB6,https://maps.app.goo.gl/4H6ByWpEx4ag7G4UA?g_st=ic,,
298,Chao Chao - Alila SCBD,Jakarta,Stay,Premium,https://www.instagram.com/reel/C8hzxc3SKKa/?hl=en,https://maps.app.goo.gl/bHPuokum6yxgdXfd9?g_st=ic,,
299,Chi - Anantara Angkor Siem Reap Resort,Siem Reap,Stay,Premium,https://www.instagram.com/reel/DCzWhpIyF9e/?igsh=MXN3NWtoN3BiMThsdw==,https://maps.app.goo.gl/dNGfViasniL1P8FeA?g_st=ic,,
300,Club - Pullman KLCC,Kuala Lumpur,Stay,Premium,https://www.instagram.com/p/DIwYQFjSZBq/?utm_source=ig_web_copy_link&igsh=MzRlODBiNWFlZA==,https://maps.app.goo.gl/sdvajkGhotdsEJqk7,,
301,Club Lounge - Sheraton Grand Jakarta,Jakarta,Stay,Premium,https://www.instagram.com/p/C4HgupFyKnS/?igsh=MXQ5cHo5cHp3dzl2OA==,https://maps.app.goo.gl/aZ8C6mNQbHk9afTo8?g_st=ic,,
302,COTE - COMO Metropolitan Singapore,Singapore,Stay,Premium,https://www.instagram.com/reel/DNk6IlLpUF0/?igsh=ZTlmN2lvYXJoZ3ll,https://maps.app.goo.gl/FA29u5payFAYJc8v5?g_st=ic,,
303,Daily Social - Sheraton Bali Kuta,Bali,Stay,Premium,https://www.instagram.com/reel/C4zuFbGrraa/?igsh=NGNneHNmYjE1cWlu,https://maps.app.goo.gl/ck4f7ygUN94We2tu5?g_st=ic,,
304,Daily Social - Sheraton Jakarta Soekarno Hatta Airport,Jakarta,Stay,Premium,https://www.instagram.com/reel/DDY0fWvpMHr/?igsh=MWp5ODBxejdkZDlvaQ==,https://maps.app.goo.gl/qHyFtft86Jbowzsx5,,
305,Discovery Primea ,Manila,Stay,Premium,https://www.instagram.com/p/C1Lw0F2r1Nc/?img_index=1,https://maps.app.goo.gl/QConSJFFHveAMxFi9?g_st=ic,,
306,Eden - Pullman Singapore Orchard,Singapore,Stay,Premium,https://www.instagram.com/reel/DDfGtCdyAbv/?igsh=ZTllc2cwcXBndndx,https://maps.app.goo.gl/J8XdXWJb2JD5seYB7,,
307,Estate - Hilton Singapore Orchard,Singapore,Stay,Premium,https://www.instagram.com/reel/DK74HHvTg_K/?utm_source=ig_web_copy_link&igsh=MzRlODBiNWFlZA==,https://maps.app.goo.gl/yFXFrDtQMT6teL5e9,,
308,Five Zen5es - The Westin Xi'an,Xi'an,Stay,Premium,https://www.instagram.com/reel/DGMeLcQzeZA/?igsh=MWl5amNud2tvYTFidQ==,https://maps.app.goo.gl/f6t97RWcVp3hKruA7,,
309,FiveFive Rooftop Restaurant & Bar - Hyatt Regency Phnom Penh,Phnom Penh,Stay,Premium,https://www.instagram.com/reel/DCwptVqSi2s/?igsh=MXZ4amxvM3FibXZzcA==,https://maps.app.goo.gl/AFWy6RT8uWzct1Jd6?g_st=ic,,
310,Forage - Mandai Rainforest Resort by Banyan Tree,Singapore,Stay,Premium,https://www.instagram.com/reel/DLCzGz5J3iw/?utm_source=ig_web_copy_link&igsh=MzRlODBiNWFlZA==,https://maps.app.goo.gl/bYDLkRsekLTfbooT7,,
311,Ginger.lily - Hilton Singapore Orchard,Singapore,Stay,Premium,https://www.instagram.com/reel/DK8AEFXTZ5U/?utm_source=ig_web_copy_link&igsh=MzRlODBiNWFlZA==,https://maps.app.goo.gl/Sxts2eda9fMgoJ3R7,,
312,Habitat Restaurant - Kaamala Villas Bali,Bali,Stay,Premium,https://www.instagram.com/reel/DEpuHS9SFbi/?utm_source=ig_web_copy_link&igsh=MzRlODBiNWFlZA==,https://maps.app.goo.gl/SgGD7ZpVCcdRLtKY8?g_st=ic,,
313,Handi by Brasserie - Le M√©ridien Jakarta,Jakarta,Stay,Premium,https://www.instagram.com/reel/DC8usu1pH4q/?igsh=MTIwYzI3dTN1Zm12Mw==,https://maps.app.goo.gl/EYE3H1Neu2bqsL6c9?g_st=ic,,
314,Il Cielo - voco Orchard Singapore,Singapore,Stay,Premium,https://www.instagram.com/reel/C-uAichSjh9/?igsh=MTI0MzByMzRqdWlydQ==,https://maps.app.goo.gl/LZuvpDNWyg9G2xfg6?g_st=ic,,
315,In-Villa BBQ - Garrya Bianti Yogyakarta,Yogyakarta,Stay,Premium,https://www.instagram.com/p/DE3YMAozf9S/?igsh=cXNodjVpbmRkcnRu,https://maps.app.goo.gl/d3GoetnnMrcRiHKWA?g_st=ic,,
316,INGE'S - Taipei Marriott,Taipei,Stay,Premium,https://www.instagram.com/reel/DCUFRl6yQ50/?igsh=ejNpeTIxaXFlanVo,https://maps.app.goo.gl/wxL9yeCuVj8QnMfU8?g_st=ic,,
317,JimBARan - Ayana Midplaza Jakarta,Jakarta,Stay,Premium,https://www.instagram.com/reel/DKcIcmAJ1-L/?utm_source=ig_web_copy_link&igsh=MzRlODBiNWFlZA==,https://maps.app.goo.gl/F8YKdE9GAdbFSawFA?g_st=ic,,
318,Kampoeng Bali - Ayana Bali Resort,Bali,Stay,Premium,https://www.instagram.com/reel/DKoWUIRJkX1/?utm_source=ig_web_copy_link&igsh=MzRlODBiNWFlZA==,https://maps.app.goo.gl/o92mthNRET59mh6RA,,\
319,Kaya at The Standard - The Standard Singapore,Singapore,Stay,Premium,https://www.instagram.com/reel/DD4SSpFpIxu/?igsh=cXMxb3F1NzkzZWNv,https://maps.app.goo.gl/kbqD42nPNRHfw7hJ9,,
320,Kee's - 21 Carpenter Singapore,Singapore,Stay,Premium,https://www.instagram.com/reel/C_NBpnKS2mu/?igsh=MWNvYWVtYnRkOWFjNA==,https://maps.app.goo.gl/xRJjWByaX1jZQHkd7,,
321,KOKO Steakbouse - TRIBE Phnom Penh Post Office,Phnom Penh,Stay,Premium,https://www.instagram.com/reel/DDJyNCIJ5UI/?utm_source=ig_web_copy_link&igsh=MzRlODBiNWFlZA==,https://maps.app.goo.gl/zHXz11mgqMGtd5nH8?g_st=ic,,
322,Kopi Zop Riverside Tea Time - Garrya Bianti Yogyakarta,Yogyakarta,Stay,Premium,https://www.instagram.com/p/DE5bZYbTqNN/?igsh=MW1qcjMyZHhydXpjNw==,https://maps.app.goo.gl/d3GoetnnMrcRiHKWA?g_st=ic,,
323,La Floriane - M√∂venpick Jakarta City Centre,Jakarta,Stay,Premium,https://www.instagram.com/reel/DBZDAQaSC6d/?igsh=MTE5YjAxeDVocWEwNg==,https://maps.app.goo.gl/o4KrcyhiYQXv1PQf7?g_st=ic,,
324,Li Jing Shuen - Regent Chongqing,Chongqing,Stay,Premium,https://www.instagram.com/reel/DFy9e_bp9M_/?igsh=MjNvenN2MHZudHF2,https://maps.app.goo.gl/v5xARi5TyQ2AqEzq9?g_st=ic,,
325,Liu Li - Ayana Midplaza Jakarta,Jakarta,Stay,Premium,https://www.instagram.com/reel/DCfK6mMShDZ/?igsh=anMybjRoeTE0eHpq,https://maps.app.goo.gl/VDFvaLS91ZHfwv2W8?g_st=ic,,
326,Lobby Lounge - Capitol Kempinski Singapore,Singapore,Stay,Premium,https://www.instagram.com/reel/DLFpjCNpHpf/?utm_source=ig_web_copy_link&igsh=MzRlODBiNWFlZA==,https://maps.app.goo.gl/xMuZNFZLj8QJ84XF7,,
327,M Club Lounge - Yogyakarta Marriott Hotel,Yogyakarta,Stay,Premium,https://www.instagram.com/p/DFARPzJpvjA/?igsh=b3JpYTBvcjhmdG4z,https://maps.app.goo.gl/moPokEny6UVSchTh6?g_st=ic,,
328,Mai - The Westin Xi'an,Xi'an,Stay,Premium,https://www.instagram.com/reel/DGOUdrATHPc/?igsh=b3Brc3NvM3IydWow,https://maps.app.goo.gl/f6t97RWcVp3hKruA7,,
329,Ms. Jigger - Kimpton Maa-Lai,Bangkok,Stay,Premium,https://www.instagram.com/reel/DLjp8sUpkXm/?utm_source=ig_web_copy_link&igsh=MzRlODBiNWFlZA==,https://maps.app.goo.gl/5TR23BMD2upn3yX29,,
330,NO NA MA - Le M√©ridien Jakarta,Jakarta,Stay,Premium,https://www.instagram.com/reel/C97wfNPyxh9/?igsh=MWk5Nm9iNnBtbWloMw==,https://maps.app.goo.gl/tGdyWSy2ZesS72gT6?g_st=ic,,
331,OXBO - Millenium Hilton Bangkok,Bangkok,Stay,Premium,https://www.instagram.com/reel/DLeeQe5Jrqt/?utm_source=ig_web_copy_link&igsh=MzRlODBiNWFlZA==,https://maps.app.goo.gl/3ssGtymvjaJq1d7x6,,
332,Pacific Lounge - Sheraton Manila Bay,Manila,Stay,Premium,https://www.instagram.com/p/C1Qsw2_LCYA/?img_index=1,https://maps.app.goo.gl/qnNqxAPB2Mwyy88p6?g_st=ic,,
333,Papillon - InterContinental Khao Yai,Bangkok,Stay,Premium,https://www.instagram.com/reel/DLvGqu9zbDe/,https://maps.app.goo.gl/hKuwGMPgLDPuQmpi9,,
334,Pavilion - Dusit Thani Bangkok,Bangkok,Stay,Premium,https://www.instagram.com/reel/DLYAtXpTbui/?utm_source=ig_web_copy_link&igsh=MzRlODBiNWFlZA==,https://maps.app.goo.gl/TuJXSqU1dLgvH9Fx8,,
335,Planter's Shed - Mandai Rainforest Resort by Banyan Tree,Singapore,Stay,Premium,https://www.instagram.com/reel/DK_8UTQJtCi/?utm_source=ig_web_copy_link&igsh=MzRlODBiNWFlZA==,https://maps.app.goo.gl/2ykVq9quufd2M7e47,,
336,Poirot -  InterContinental Khao Yai,Bangkok,Stay,Premium,https://www.instagram.com/reel/DLvFqZKTH0e/?utm_source=ig_web_copy_link&igsh=MzRlODBiNWFlZA==,https://maps.app.goo.gl/hKuwGMPgLDPuQmpi9,,
337,RASA Restaurant - Ayana Midplaza Jakarta,Jakarta,Stay,Premium,https://www.instagram.com/reel/DKbil-mJ24s/?utm_source=ig_web_copy_link&igsh=MzRlODBiNWFlZA==,https://maps.app.goo.gl/vzEjyfCWhGwB51i3A?g_st=ic,,
338,Red Chinese Cuisine - Pullman KLCC,Kuala Lumpur,Stay,Premium,https://www.instagram.com/reel/DIwXmiGyZ9H/?utm_source=ig_web_copy_link&igsh=MzRlODBiNWFlZA==,https://maps.app.goo.gl/Y1VbToypvdcYcRwJ7,,
339,Refresh - Garrya Bianti Yogyakarta,Yogyakarta,Stay,Premium,https://www.instagram.com/reel/DE05msBTdKx/?igsh=MzR5Y3Q1ZTZhMDF3,https://maps.app.goo.gl/d3GoetnnMrcRiHKWA?g_st=ic,,
340,Riot House - Andaz West Holywood,Los Angeles,Stay,Premium,https://www.instagram.com/reel/DM2lsBwpN-1/?igsh=MTZ4bWMzc21lNXh6Nw==,https://maps.app.goo.gl/qZx9UL1WuJ2rHj2Y9?g_st=ic,,
341,River Deck - Regent Chongqing,Chongqing,Stay,Premium,https://www.instagram.com/reel/DF19Mg_JzAg/?igsh=MW5vbDJyODkxNXFmcQ==,https://maps.app.goo.gl/v5xARi5TyQ2AqEzq9?g_st=ic,,
342,Rock Bar - Ayana Bali Resort,Bali,Stay,Premium,https://www.instagram.com/reel/DKr66B1pogf/?utm_source=ig_web_copy_link&igsh=MzRlODBiNWFlZA==,https://maps.app.goo.gl/Pj3ujnrngh3CMGsh8?g_st=ic,,
343,ROGUES - InterContinental Bangkok Sukhumvit,Bangkok,Stay,Premium,https://www.instagram.com/reel/DL2q9DIJods/?igsh=a2NhOXZ5YnVhN2k=,https://maps.app.goo.gl/9UdbKfUuSK24FCwx7,,
344,Saffron - Banyan Tree Bangkok,Bangkok,Stay,Premium,https://www.instagram.com/p/CaPUiX6hEgV/?igshid=ZWI2YzEzYmMxYg==,https://maps.app.goo.gl/x24f2GZVWJ7YKbrJA?g_st=ic,,
345,Sami - Sami - Ayana Bali Resort,Bali,Stay,Premium,https://www.instagram.com/reel/DKmWV3fJfoE/?utm_source=ig_web_copy_link&igsh=MzRlODBiNWFlZA==,https://maps.app.goo.gl/MGDYtM8eWMNN7mLu7,,
346,Sari Delicatessen - Sari Pacific Autograph Collection,Jakarta,Stay,Premium,https://www.instagram.com/reel/C8tpIJDSEDK/?igsh=ZzN6NjRkcHEwM2oy,https://maps.app.goo.gl/n64jVhh17y8huDJfA?g_st=ic,,
347,Scusa - Ayana Bali Resort,Bali,Stay,Premium,https://www.instagram.com/reel/DKw9YIjpprC/?utm_source=ig_web_copy_link&igsh=MzRlODBiNWFlZA== ,https://maps.app.goo.gl/2ouBSGCq4ejWRV8Q9 ,,
348,Sea Grain - Double Tree by Hilton Jakarta Diponegoro,Jakarta,Stay,Premium,https://www.instagram.com/reel/DCmHCSuSCy_/?igsh=MXF3bjlqdWVneHJweg==,https://maps.app.goo.gl/Lng5jenbfEpNruAz6?g_st=ic,,
349,Seasonal Taste - The Westin Jakarta,Jakarta,Stay,Premium,https://www.instagram.com/p/C9fb5mKSwyU/,https://maps.app.goo.gl/MWdNSkzbWzWunrxK7?g_st=ic,,
350,SKAI - Swissotel Stamford Singapore,Singapore,Stay,Premium,https://www.instagram.com/p/C0Ljky-LRPv/?img_index=4,https://maps.app.goo.gl/dYbEW3eDD8ydcbNN9?g_st=ic,,
351,Sky Bar - Traders Hotel Kuala Lumpur,Kuala Lumpur,Stay,Premium,https://www.instagram.com/reel/DIlyLhHpkVA/?utm_source=ig_web_copy_link&igsh=MzRlODBiNWFlZA==,https://maps.app.goo.gl/CvfTy5RCy79u5DAHA,,
352,Soir√®e Lounge & Grill - Yogyakarta Marriott Hotel,Yogyakarta,Stay,Premium,https://www.instagram.com/reel/DE7tp_-yt6p/?igsh=NWV3cGl5d2R5NzA4,https://maps.app.goo.gl/DAUf7RdjSp6hYkq89?g_st=ic,,
353,Somying's Kitchen - InterContinental Khao Yai,Bangkok,Stay,Premium,https://maps.app.goo.gl/amsmXcakGj9qXvSk7,https://maps.app.goo.gl/ng71fJiwvXfTscVQA,,
354,Spire Rooftop Bar - Dusit Thani Bangkok,Bangkok,Stay,Premium,https://www.instagram.com/reel/DLYBEOkTZMr/?utm_source=ig_web_copy_link&igsh=MzRlODBiNWFlZA==,https://maps.app.goo.gl/1cysGZ8oZgYVULVv6,,
355,Tangram - AKI MGallery,Hong Kong,Stay,Premium,https://www.instagram.com/reel/DJTnFSIpU5D/?utm_source=ig_web_copy_link&igsh=MzRlODBiNWFlZA==,https://maps.app.goo.gl/ucxsYGoT7Hcjqqj3A,,
356,Tea Carriage - InterContinental Khao Yai,Bangkok,Stay,Premium,https://maps.app.goo.gl/ng71fJiwvXfTscVQA,https://maps.app.goo.gl/mQ8ejbbZiTFdcPhX6,,
357,The Hermitage Club - The Hermitage Jakarta,Jakarta,Stay,Premium,https://www.instagram.com/p/C3kmoM7rq2a/?img_index=1,https://maps.app.goo.gl/4quyHVimxKGHiXy69?g_st=ic,,
358,The Restaurant - Padma Bandung,Bandung,Stay,Premium,https://www.instagram.com/reel/DB0pjw_yRZg/?igsh=MWFqZmg0cjltc2Mybg==,https://maps.app.goo.gl/Q5B1NFSwwDFev2WU8?g_st=ic,,
359,The Westin Club - The Westin Jakarta,Jakarta,Stay,Premium,https://www.instagram.com/p/C3GBD4nBTek/?img_index=1,https://maps.app.goo.gl/BWFvwJ6yh5RA7mA99?g_st=ic,,
360,Twelve,Singapore,Stay,Premium,https://www.instagram.com/reel/DNjX5-yzdmz/?igsh=dmJtdWFrdDgwem84,https://www.instagram.com/reel/DNjX5-yzdmz/?igsh=dmJtdWFrdDgwem84,,
361,Uncle Ming's Whiskey Bar - AKI MGallery,Hong Kong,Stay,Premium,https://www.instagram.com/reel/DJVe1dOSzsW/?utm_source=ig_web_copy_link&igsh=MzRlODBiNWFlZA==,https://maps.app.goo.gl/aA4GX9NwFG67sGWy7,,
362,UNIQUE - Ayana Bali Resort,Bali,Stay,Premium,https://www.instagram.com/reel/DKjObq6JkUr/?utm_source=ig_web_copy_link&igsh=MzRlODBiNWFlZA==,https://maps.app.goo.gl/QvFHhv3Fe5mKGcHu6,,
363,Wilde Cut - M√∂venpick City Center Jakarta,Jakarta,Stay,Premium,https://www.instagram.com/p/C9VMx6SSs_C/,https://maps.app.goo.gl/seWGE3gGtMfnwhbV9?g_st=ic,,
364,Yogyakarta Kitchen - Yogyakarta Marriott Hotel,Yogyakarta,Stay,Premium,https://www.instagram.com/reel/DE7tp_-yt6p/?igsh=NWV3cGl5d2R5NzA4,https://maps.app.goo.gl/GdMrVz7jaiHrwHnA6?g_st=ic,,
365,Artoz Bar,Jakarta,Winery,Premium,https://www.instagram.com/reel/DKcQKysJe2f/?utm_source=ig_web_copy_link&igsh=MzRlODBiNWFlZA==,https://maps.app.goo.gl/Jc1EHLCbZXznCWka9,,
366,Barcadia Jakarta,Jakarta,Winery,Premium,https://www.instagram.com/reel/C3eYjcZLbT1/?igsh=MXBuc2pxam4xeDAwaw==,https://maps.app.goo.gl/yRNuebXiiF5pmDLC8?g_st=ic,,
367,Ca√Øman Music Room,Jakarta,Winery,Premium,https://www.instagram.com/reel/C6vfblZLwbR/?igsh=YWV6N3oyNWlnYjBt,https://maps.app.goo.gl/9HzazYDXBu75wcwx5?g_st=ic,,
368,Continent Jakarta,Jakarta,Winery,Premium,https://www.instagram.com/reel/CzYsAmkrtL-/?igshid=ZWI2YzEzYmMxYg==,https://maps.app.goo.gl/5YTCY2XvbN5ZKAPv8?g_st=ic,,
369,DIMPLE,Singapore,Winery,Premium,https://www.instagram.com/reel/DD2XT3EzFn-/?igsh=dzJjOGhyMW4ydzA0,https://maps.app.goo.gl/RC447Y7LVpgCix2c9,,
370,Firstfilled,Jakarta,Winery,Premium,https://www.instagram.com/reel/C9vIZ2fyFB2/?igsh=OWd2Z2Vid3luZ3N3,https://maps.app.goo.gl/MfFck3reDVV8PfbG7?g_st=ic,,
371,Glitz Inclusive Bar and  Lounge,Jakarta,Winery,Premium,https://www.instagram.com/reel/C4D1NnxhKmH/?igsh=N3N6NHFpMDlkcjJ5,https://maps.app.goo.gl/ULB6Xpc1x6MRoErW8?g_st=ic,,
372,Golden Tooth,Jakarta,Winery,Premium,https://www.instagram.com/reel/C79qhc7SJbU/,https://maps.app.goo.gl/1VvHKxywTJX6TTjm7?g_st=ic,,
373,HW Phoenix Gastro Bar Jakarta,Jakarta,Winery,Premium,https://www.instagram.com/p/CyqgRxdBP-Z/?img_index=1,https://maps.app.goo.gl/tpCPYYE3JsCm7Gay8?g_st=ic,,
374,LIME LightBar,Jakarta,Winery,Premium,https://www.instagram.com/reel/C7o_ztGB2E-/?igsh=ODg5emxyMWRkbGEw,https://maps.app.goo.gl/DYMheMjUs67cUQBVA?g_st=ic,,
375,Mr. James Jakarta,Jakrta,Winery,Premium,https://www.instagram.com/reel/C2-Y0DTS7tn/,https://maps.app.goo.gl/GT35LaUGh9M7WaXk9?g_st=ic,,
376,Velvet Social Bar,Jakarta,Winery,Premium,https://www.instagram.com/reel/DFKqORwJc8Q/?igsh=MThwdXE3cWs0MGtqeQ==,https://maps.app.goo.gl/ubzQ4BfYTfRzb2En9?g_st=ic,,
377,Bakerzin,Jakarta,Restaurant,Store,https://www.instagram.com/reel/C8DMF6zymjj/?igsh=YWw5NHkzYXFoang2,https://www.tiktok.com/@sourmimosa/video/7401334212646735110?is_from_webapp=1&sender_device=pc&web_id=7368366184264484368,,
378,Casita by Elasador,Jakarta,Restaurant,Store,https://www.instagram.com/reel/C2pQilALPgA/,https://www.tiktok.com/@sourmimosa/video/7401334212646735110?is_from_webapp=1&sender_device=pc&web_id=7368366184264484368,,
379,Cinnabon,Jakarta,Restaurant,Store,https://www.tiktok.com/@sourmimosa/video/7401334212646735110?is_from_webapp=1&sender_device=pc&web_id=7368366184264484368,https://www.tiktok.com/@sourmimosa/video/7401334212646735110?is_from_webapp=1&sender_device=pc&web_id=7368366184264484368,,
380,Cozy Cuts Jakarta,Jakarta,Restaurant,Store,https://www.instagram.com/reel/C3z3TFRrYqK/?igsh=MXVvcjh0dXc0ejF4Mg==,https://maps.app.goo.gl/Xy4d8HANNAZ65KB87?g_st=ic,,
381,KYND Community Seminyak Bali,Bali,Restaurant,Store,https://www.instagram.com/p/CUzqvCMhEqi/?igshid=ZWI2YzEzYmMxYg==,https://maps.app.goo.gl/GSQnVUUanhG3dFvv6 ,,
382,Nalu Bowls Canggu,Bali,Restaurant,Store,https://www.instagram.com/p/BwpGiaVBhnY/?igshid=ZWI2YzEzYmMxYg==,https://maps.app.goo.gl/5gNs1Wbn9L1kBizb9?g_st=ic,,
383,SaladStop!,Jakarta,Restaurant,Store,https://www.instagram.com/reel/C-X6eJPSPsz/?igsh=MTk3N2duajNuMzk5bA==,https://maps.app.goo.gl/5gNs1Wbn9L1kBizb9?g_st=ic,,
384,Songfa Bak Kut Teh Grand Indonesia Jakarta,Jakarta,Restaurant,Store,https://www.instagram.com/p/CU6b0UkBOAn/?igshid=ZWI2YzEzYmMxYg==,https://maps.app.goo.gl/99a6bryCDZd8fKST8,,
385,sA,Bangkok,Stay,,SOON,SOON,,
386,sA,Bangkok,Stay,,SOON,SOON,,
387,sA,Bangkok,Stay,,SOON,SOON,,
388,,,,,,,,
389,,,,,,,,